AG141000;14547327077184;ASAHI PTCA Guide Wire Soft
AG141000J;14547327077344;ASAHI PTCA Guide Wire Soft J
AG141002;14547327077153;ASAHI PTCA Guide Wire Grand Slam
AG141002J;14547327077375;ASAHI PTCA Guide Wire Grand Slam J
AG141300;14547327077252;ASAHI PTCA Guide Wire Soft 300cm
AG141300J;14547327077702;ASAHI PTCA Guide Wire Soft 300cm J
AG141302;14547327077283;ASAHI PTCA Guide Wire Grand Slam 300cm
AG141302J;14547327077634;ASAHI PTCA Guide Wire Grand Slam 300cm J
AG142000;14547327085370;ASAHI PTCA Guide Wire MEDIUM
AG142000;14547327077146;ASAHI PTCA Guide Wire Intermediate
AG142000J;14547327077382;ASAHI PTCA Guide Wire Intermediate J
AG142300;14547327085462;ASAHI PTCA Guide Wire MEDIUM 300cm
AG142300;14547327077412;ASAHI PTCA Guide Wire Intermediate 300cm
AG142300J;14547327077641;ASAHI PTCA Guide Wire Intermediate 300cm J
AG143000;14547327077177;ASAHI PTCA Guide Wire Standard
AG143000J;14547327077368;ASAHI PTCA Guide Wire Standard J
AG143090;14547327085424;ASAHI PTCA Guide Wire CONFIANZA
AG143090;14547327077160;ASAHI PTCA Guide Wire Conquest
AG143300;14547327077276;ASAHI PTCA Guide Wire Standard 300cm
AG143300J;14547327077719;ASAHI PTCA Guide Wire Standard 300cm J
AG143390;14547327085516;ASAHI PTCA Guide Wire CONFIANZA 300cm
AG143390;14547327077320;ASAHI PTCA Guide Wire Conquest 300cm
AG145000;14547327077238;ASAHI PTCA Guide Wire Light
AG145000J;14547327077337;ASAHI PTCA Guide Wire Light J
AG145300;14547327077269;ASAHI PTCA Guide Wire Light 300cm
AG145300J;14547327077658;ASAHI PTCA Guide Wire Light 300cm J
AG149000;14547327076651;ASAHI Extension Wire 150cm
AG149001;14547327083581;ASAHI Extension Wire 165cm
AG14M045;14547327085394;ASAHI PTCA Guide Wire MIRACLEbros 4.5
AG14M045;14547327077214;ASAHI PTCA Guide Wire Miracle 4.5
AG14M050;14547327085387;ASAHI PTCA Guide Wire MIRACLEbros 3
AG14M050;14547327077207;ASAHI PTCA Guide Wire Miracle 3
AG14M060;14547327085400;ASAHI PTCA Guide Wire MIRACLEbros 6
AG14M060;14547327077221;ASAHI PTCA Guide Wire Miracle 6
AG14M070;14547327085417;ASAHI PTCA Guide Wire MIRACLEbros 12
AG14M070;14547327077191;ASAHI PTCA Guide Wire Miracle 12
AG14M345;14547327085486;ASAHI PTCA Guide Wire MIRACLEbros 4.5 300cm
AG14M345;14547327077306;ASAHI PTCA Guide Wire Miracle 4.5 300cm
AG14M350;14547327085479;ASAHI PTCA Guide Wire MIRACLEbros 3 300cm
AG14M350;14547327077290;ASAHI PTCA Guide Wire Miracle 3 300cm
AG14M360;14547327085493;ASAHI PTCA Guide Wire MIRACLEbros 6 300cm
AG14M360;14547327077313;ASAHI PTCA Guide Wire Miracle 6 300cm
AG14M370;14547327085509;ASAHI PTCA Guide Wire MIRACLEbros 12 300cm
AGH143090;14547327085431;ASAHI PTCA Guide Wire CONFIANZA PRO
AGH143090;14547327077399;ASAHI PTCA Guide Wire Conquest Pro
AGH143091;14547327085448;ASAHI PTCA Guide Wire CONFIANZA PRO 12
AGH143091;14547327077405;ASAHI PTCA Guide Wire Conquest Pro 12
AGH143390;14547327085523;ASAHI PTCA Guide Wire CONFIANZA PRO 300cm
AGH143390;14547327077474;ASAHI PTCA Guide Wire Conquest Pro 300cm
AGH143391;14547327085530;ASAHI PTCA Guide Wire CONFIANZA PRO 12 300cm
AGH146000;14547327085363;ASAHI PTCA Guide Wire PROWATER
AGH146000;14547327077245;ASAHI PTCA Guide Wire Rinato
AGH146000J;14547327085547;ASAHI PTCA Guide Wire PROWATER J
AGH146000J;14547327077351;ASAHI PTCA Guide Wire Rinato J
AGH146300;14547327085455;ASAHI PTCA Guide Wire PROWATER 300cm
AGH146300;14547327077429;ASAHI PTCA Guide Wire Rinato 300cm
AGH146300J;14547327085554;ASAHI PTCA Guide Wire PROWATER 300cm J
AGH146300J;14547327077696;ASAHI PTCA Guide Wire Rinato 300cm J
AGH147000;14547327077443;ASAHI PTCA Guide Wire Route
AGH147000;14547327077481;ASAHI PTCA Guide Wire PROWATERflex
AGH147000J;14547327077504;ASAHI PTCA Guide Wire PROWATERflex J
AGH147000J;14547327077511;ASAHI PTCA Guide Wire Route J
AGH147300;14547327077467;ASAHI PTCA Guide Wire Route 300cm
AGH147300;14547327077498;ASAHI PTCA Guide Wire PROWATERflex 300cm
AGP140000;14547327077436;ASAHI PTCA Guide Wire Fielder
AGP140000J;14547327077528;ASAHI PTCA Guide Wire Fielder J
AGP140001;14547327077597;ASAHI PTCA Guide Wire Fielder FC
AGP140001J;14547327077726;ASAHI PTCA Guide Wire Fielder FC 180cm J
AGP140002;14547327077023;ASAHI PTCA Guide Wire Fielder XT
AGP140300;14547327077450;ASAHI PTCA Guide Wire Fielder 300cm
AGP140301;14547327077603;ASAHI PTCA Guide Wire Fielder FC 300cm
AGP140301J;14547327077733;ASAHI PTCA Guide Wire Fielder FC 300cm J
AGP140302;14547327077030;ASAHI PTCA Guide Wire Fielder XT 300cm
AHW10S302S;14547327084052;ASAHI PTCA Guide Wire RG3 330cm
AHW14R001J;14547327086209;ASAHI PTCA Guide Wire ASAHI SION J
AHW14R001S;14547327082607;ASAHI PTCA Guide Wire ASAHI SION
AHW14R004J;14547327086285;ASAHI PTCA Guide Wire ASAHI SION blue J
AHW14R004S;14547327086261;ASAHI PTCA Guide Wire ASAHI SION blue
AHW14R007P;14547327088081;ASAHI PTCA Guide Wire ASAHI Gaia First
AHW14R007S;14547327088104;ASAHI PTCA Guide Wire ASAHI Gaia First
AHW14R008P;14547327094440;ASAHI PTCA Guide Wire ASAHI Gaia Second
AHW14R008S;14547327094464;ASAHI PTCA Guide Wire ASAHI Gaia Second
AHW14R011P;14547327094747;ASAHI PTCA Guide Wire ASAHI Gaia Third
AHW14R011S;14547327094761;ASAHI PTCA Guide Wire ASAHI Gaia Third
AHW14R017J;14547327108581;ASAHI PTCA Guide Wire ASAHI SION blue ES 190cm J
AHW14R017S;14547327108567;ASAHI PTCA Guide Wire ASAHI SION blue ES 190cm
AHW14R099P;14547327095294;ASAHI PTCA Guide Wire Gaia First
AHW14R099S;14547327095287;ASAHI PTCA Guide Wire Gaia First
AHW14R301J;14547327086216;ASAHI PTCA Guide Wire ASAHI SION 3M J
AHW14R301S;14547327082614;ASAHI PTCA Guide Wire ASAHI SION 300cm
AHW14R304J;14547327086292;ASAHI PTCA Guide Wire ASAHI SION blue 300cm J
AHW14R304S;14547327086278;ASAHI PTCA Guide Wire ASAHI SION blue 300cm
AHW14R307P;14547327088098;ASAHI PTCA Guide Wire ASAHI Gaia First
AHW14R307S;14547327088111;ASAHI PTCA Guide Wire ASAHI Gaia First
AHW14R308P;14547327094457;ASAHI PTCA Guide Wire ASAHI Gaia Second
AHW14R308S;14547327094471;ASAHI PTCA Guide Wire ASAHI Gaia Second
AHW14R311P;14547327094754;ASAHI PTCA Guide Wire ASAHI Gaia Third
AHW14R311S;14547327094778;ASAHI PTCA Guide Wire ASAHI Gaia Third
AHW14R317J;14547327108598;ASAHI PTCA Guide Wire ASAHI SION blue ES 300cm J
AHW14R317S;14547327108574;ASAHI PTCA Guide Wire ASAHI SION blue ES 300cm
AHW14R399P;14547327095317;ASAHI PTCA Guide Wire Gaia First
AHW14R399S;14547327095300;ASAHI PTCA Guide Wire Gaia First
AHW14S003J;14547327083741;ASAHI PTCA Guide Wire ULTIMATEbros 3 J
AHW14S003S;14547327083734;ASAHI PTCA Guide Wire ULTIMATEbros 3
AHW14S303J;14547327083765;ASAHI PTCA Guide Wire ULTIMATEbros 3 300cm J
AHW14S303S;14547327083758;ASAHI PTCA Guide Wire ULTIMATEbros 3 3M
APW14R005S;14547327085073;ASAHI PTCA Guide Wire Fielder XT-R
APW14R009S;14547327088142;ASAHI PTCA Guide Wire ASAHI Fielder XT-A
APW14R009S;14547327088142;ASAHI PTCA Guide Wire ASAHI Fielder XT-A
APW14R010J;14547327089637;ASAHI PTCA Guide Wire ASAHI SION black J
APW14R010P;14547327089668;ASAHI PTCA Guide Wire ASAHI SION black Pre-Shape
APW14R010S;14547327089620;ASAHI PTCA Guide Wire ASAHI SION black
APW14R305S;14547327085080;ASAHI PTCA Guide Wire Fielder XT-R 300cm
APW14R309S;14547327088159;ASAHI PTCA Guide Wire ASAHI Fielder XT-A 300cm
APW14R309S;14547327088159;ASAHI PTCA Guide Wire ASAHI Fielder XT-A 300cm
APW14R310J;14547327089651;ASAHI PTCA Guide Wire ASAHI SION black 300cm J
APW14R310P;14547327089675;ASAHI PTCA Guide Wire ASAHI SION black 300cm Pre-Shape
APW14R310S;14547327089644;ASAHI PTCA Guide Wire ASAHI SION black 300cm
AT24135;24547327052089;ASAHI Tornus (2.1Fr)
AT35135;24547327056933;ASAHI Tornus 88Flex (2.6Fr)
CRV135-19P;24547327108793;ASAHI Caravel Microcatheter
CRV150-19P;24547327108809;ASAHI Caravel Microcatheter
CSW135-26N;24547327076337;ASAHI Corsair 
CSW150-26N;24547327076344;ASAHI Corsair 
DVW15009;24547327084103;ASAHI Douvan
DVW15015;24547327084189;ASAHI Douvan
DVW15020;24547327084264;ASAHI Douvan
DVW20009;24547327084110;ASAHI Douvan
DVW20015;24547327084196;ASAHI Douvan
DVW20020;24547327084271;ASAHI Douvan
DVW22509;24547327084127;ASAHI Douvan
DVW22515;24547327084202;ASAHI Douvan
DVW22520;24547327084288;ASAHI Douvan
DVW25009;24547327084134;ASAHI Douvan
DVW25015;24547327084219;ASAHI Douvan
DVW25020;24547327084295;ASAHI Douvan
DVW27509;24547327084141;ASAHI Douvan
DVW27515;24547327084226;ASAHI Douvan
DVW27520;24547327084301;ASAHI Douvan
DVW30009;24547327084158;ASAHI Douvan
DVW30015;24547327084233;ASAHI Douvan
DVW30020;24547327084318;ASAHI Douvan
DVW32509;24547327084165;ASAHI Douvan
DVW32515;24547327084240;ASAHI Douvan
DVW32520;24547327084325;ASAHI Douvan
DVW35009;24547327084172;ASAHI Douvan
DVW35015;24547327084257;ASAHI Douvan
DVW35020;24547327084332;ASAHI Douvan
G6AL07-0-L100;24547327070892;ASAHI SheathLess Eaucath PTCA Guiding Catheter
G6AL07-0-L100S;24547327070908;ASAHI SheathLess Eaucath PTCA Guiding Catheter
G6AL10-0-L100;24547327070915;ASAHI SheathLess Eaucath PTCA Guiding Catheter
G6AL10-0-L100S;24547327070922;ASAHI SheathLess Eaucath PTCA Guiding Catheter
G6AL15-0-L100;24547327070939;ASAHI SheathLess Eaucath PTCA Guiding Catheter
G6AL15-0-L100S;24547327070946;ASAHI SheathLess Eaucath PTCA Guiding Catheter
G6AL20-0-L100;24547327070953;ASAHI SheathLess Eaucath PTCA Guiding Catheter
G6AL20-0-L100S;24547327070960;ASAHI SheathLess Eaucath PTCA Guiding Catheter
G6HS00-0-L100;24547327072803;ASAHI SheathLess Eaucath PTCA Guiding Catheter
G6JL35-0-L100;24547327070731;ASAHI SheathLess Eaucath PTCA Guiding Catheter
G6JL35-0-L100S;24547327070748;ASAHI SheathLess Eaucath PTCA Guiding Catheter
G6JL40-0-L100;24547327070755;ASAHI SheathLess Eaucath PTCA Guiding Catheter
G6JL40-0-L100S;24547327070762;ASAHI SheathLess Eaucath PTCA Guiding Catheter
G6JL45-0-L100;24547327070779;ASAHI SheathLess Eaucath PTCA Guiding Catheter
G6JL45-0-L100S;24547327070786;ASAHI SheathLess Eaucath PTCA Guiding Catheter
G6JL50-0-L100;24547327070793;ASAHI SheathLess Eaucath PTCA Guiding Catheter
G6JL50-0-L100S;24547327070809;ASAHI SheathLess Eaucath PTCA Guiding Catheter
G6JR35-0-L100;24547327070816;ASAHI SheathLess Eaucath PTCA Guiding Catheter
G6JR35-0-L100S;24547327070823;ASAHI SheathLess Eaucath PTCA Guiding Catheter
G6JR40-0-L100;24547327070830;ASAHI SheathLess Eaucath PTCA Guiding Catheter
G6JR40-0-L100S;24547327070847;ASAHI SheathLess Eaucath PTCA Guiding Catheter
G6JR45-0-L100;24547327070854;ASAHI SheathLess Eaucath PTCA Guiding Catheter
G6JR45-0-L100S;24547327070861;ASAHI SheathLess Eaucath PTCA Guiding Catheter
G6JR50-0-L100;24547327070878;ASAHI SheathLess Eaucath PTCA Guiding Catheter
G6JR50-0-L100S;24547327070885;ASAHI SheathLess Eaucath PTCA Guiding Catheter
G6MP10-0-L100;24547327084424;ASAHI SheathLess Eaucath PTCA Guiding Catheter
G6MP20-0-L100;24547327084431;ASAHI SheathLess Eaucath PTCA Guiding Catheter
G6PB30-0-L100;24547327070991;ASAHI SheathLess Eaucath PTCA Guiding Catheter
G6PB35-0-L100;24547327071004;ASAHI SheathLess Eaucath PTCA Guiding Catheter
G6PB40-0-L100;24547327071011;ASAHI SheathLess Eaucath PTCA Guiding Catheter
G6SC35-0-L100;24547327070977;ASAHI SheathLess Eaucath PTCA Guiding Catheter
G6SC40-0-L100;24547327070984;ASAHI SheathLess Eaucath PTCA Guiding Catheter
G6SP30-0-L100;24547327071028;ASAHI SheathLess Eaucath PTCA Guiding Catheter
G6SP35-0-L100;24547327071035;ASAHI SheathLess Eaucath PTCA Guiding Catheter
G6SP40-0-L100;24547327071042;ASAHI SheathLess Eaucath PTCA Guiding Catheter
G7AL07-0-L100;24547327071219;ASAHI SheathLess Eaucath PTCA Guiding Catheter
G7AL07-0-L100S;24547327071226;ASAHI SheathLess Eaucath PTCA Guiding Catheter
G7AL10-0-L100;24547327071233;ASAHI SheathLess Eaucath PTCA Guiding Catheter
G7AL10-0-L100S;24547327071240;ASAHI SheathLess Eaucath PTCA Guiding Catheter
G7AL15-0-L100;24547327071257;ASAHI SheathLess Eaucath PTCA Guiding Catheter
G7AL15-0-L100S;24547327071264;ASAHI SheathLess Eaucath PTCA Guiding Catheter
G7AL20-0-L100;24547327071271;ASAHI SheathLess Eaucath PTCA Guiding Catheter
G7AL20-0-L100S;24547327071288;ASAHI SheathLess Eaucath PTCA Guiding Catheter
G7HS00-0-L100;24547327072810;ASAHI SheathLess Eaucath PTCA Guiding Catheter
G7JL35-0-L100;24547327071059;ASAHI SheathLess Eaucath PTCA Guiding Catheter
G7JL35-0-L100S;24547327071066;ASAHI SheathLess Eaucath PTCA Guiding Catheter
G7JL40-0-L100;24547327071073;ASAHI SheathLess Eaucath PTCA Guiding Catheter
G7JL40-0-L100S;24547327071080;ASAHI SheathLess Eaucath PTCA Guiding Catheter
G7JL45-0-L100;24547327071097;ASAHI SheathLess Eaucath PTCA Guiding Catheter
G7JL45-0-L100S;24547327071103;ASAHI SheathLess Eaucath PTCA Guiding Catheter
G7JL50-0-L100;24547327071110;ASAHI SheathLess Eaucath PTCA Guiding Catheter
G7JL50-0-L100S;24547327071127;ASAHI SheathLess Eaucath PTCA Guiding Catheter
G7JR35-0-L100;24547327071134;ASAHI SheathLess Eaucath PTCA Guiding Catheter
G7JR35-0-L100S;24547327071141;ASAHI SheathLess Eaucath PTCA Guiding Catheter
G7JR40-0-L100;24547327071158;ASAHI SheathLess Eaucath PTCA Guiding Catheter
G7JR40-0-L100S;24547327071165;ASAHI SheathLess Eaucath PTCA Guiding Catheter
G7JR45-0-L100;24547327071172;ASAHI SheathLess Eaucath PTCA Guiding Catheter
G7JR45-0-L100S;24547327071189;ASAHI SheathLess Eaucath PTCA Guiding Catheter
G7JR50-0-L100;24547327071196;ASAHI SheathLess Eaucath PTCA Guiding Catheter
G7JR50-0-L100S;24547327071202;ASAHI SheathLess Eaucath PTCA Guiding Catheter
G7MP10-0-L100;24547327084448;ASAHI SheathLess Eaucath PTCA Guiding Catheter
G7MP20-0-L100;24547327084455;ASAHI SheathLess Eaucath PTCA Guiding Catheter
G7PB30-0-L100;24547327071318;ASAHI SheathLess Eaucath PTCA Guiding Catheter
G7PB35-0-L100;24547327071325;ASAHI SheathLess Eaucath PTCA Guiding Catheter
G7PB40-0-L100;24547327071332;ASAHI SheathLess Eaucath PTCA Guiding Catheter
G7SC35-0-L100;24547327071295;ASAHI SheathLess Eaucath PTCA Guiding Catheter
G7SC40-0-L100;24547327071301;ASAHI SheathLess Eaucath PTCA Guiding Catheter
G7SP30-0-L100;24547327071349;ASAHI SheathLess Eaucath PTCA Guiding Catheter
G7SP35-0-L100;24547327071356;ASAHI SheathLess Eaucath PTCA Guiding Catheter
G7SP40-0-L100;24547327071363;ASAHI SheathLess Eaucath PTCA Guiding Catheter
G8AL10-0-L100;24547327083854;ASAHI SheathLess Eaucath PTCA Guiding Catheter
G8JL35-0-L100;24547327083779;ASAHI SheathLess Eaucath PTCA Guiding Catheter
G8JL35-0-L100S;24547327083793;ASAHI SheathLess Eaucath PTCA Guiding Catheter
G8JL40-0-L100;24547327083786;ASAHI SheathLess Eaucath PTCA Guiding Catheter
G8JL40-0-L100S;24547327083809;ASAHI SheathLess Eaucath PTCA Guiding Catheter
G8JR35-0-L100;24547327083816;ASAHI SheathLess Eaucath PTCA Guiding Catheter
G8JR35-0-L100S;24547327083830;ASAHI SheathLess Eaucath PTCA Guiding Catheter
G8JR40-0-L100;24547327083823;ASAHI SheathLess Eaucath PTCA Guiding Catheter
G8JR40-0-L100S;24547327083847;ASAHI SheathLess Eaucath PTCA Guiding Catheter
G8MP10-0-L100;24547327083885;ASAHI SheathLess Eaucath PTCA Guiding Catheter
G8MP20-0-L100;24547327083892;ASAHI SheathLess Eaucath PTCA Guiding Catheter
G8SP35-0-L100;24547327083861;ASAHI SheathLess Eaucath PTCA Guiding Catheter
G8SP40-0-L100;24547327083878;ASAHI SheathLess Eaucath PTCA Guiding Catheter
HW60AL070P09000;24547327100704;ASAHI Hyperion Ⅱ Coronary Guide Catheter
HW60AL070P09002;24547327100841;ASAHI Hyperion Ⅱ Coronary Guide Catheter
HW60AL070P10000;24547327100544;ASAHI Hyperion Ⅱ Coronary Guide Catheter
HW60AL070P10002;24547327100766;ASAHI Hyperion Ⅱ Coronary Guide Catheter
HW60AL072P09000;24547327100711;ASAHI Hyperion Ⅱ Coronary Guide Catheter
HW60AL072P09002;24547327100858;ASAHI Hyperion Ⅱ Coronary Guide Catheter
HW60AL072P10000;24547327100568;ASAHI Hyperion Ⅱ Coronary Guide Catheter
HW60AL072P10002;24547327100773;ASAHI Hyperion Ⅱ Coronary Guide Catheter
HW60AL100P09000;24547327100728;ASAHI Hyperion Ⅱ Coronary Guide Catheter
HW60AL100P09002;24547327100865;ASAHI Hyperion Ⅱ Coronary Guide Catheter
HW60AL100P10000;24547327100582;ASAHI Hyperion Ⅱ Coronary Guide Catheter
HW60AL100P10002;24547327100780;ASAHI Hyperion Ⅱ Coronary Guide Catheter
HW60AL102P09000;24547327100735;ASAHI Hyperion Ⅱ Coronary Guide Catheter
HW60AL102P09002;24547327100872;ASAHI Hyperion Ⅱ Coronary Guide Catheter
HW60AL102P10000;24547327100605;ASAHI Hyperion Ⅱ Coronary Guide Catheter
HW60AL102P10002;24547327100797;ASAHI Hyperion Ⅱ Coronary Guide Catheter
HW60AL150P09000;24547327100742;ASAHI Hyperion Ⅱ Coronary Guide Catheter
HW60AL150P09002;24547327100889;ASAHI Hyperion Ⅱ Coronary Guide Catheter
HW60AL150P10000;24547327100629;ASAHI Hyperion Ⅱ Coronary Guide Catheter
HW60AL150P10002;24547327100803;ASAHI Hyperion Ⅱ Coronary Guide Catheter
HW60AL152P09000;24547327100759;ASAHI Hyperion Ⅱ Coronary Guide Catheter
HW60AL152P09002;24547327100896;ASAHI Hyperion Ⅱ Coronary Guide Catheter
HW60AL152P10000;24547327100643;ASAHI Hyperion Ⅱ Coronary Guide Catheter
HW60AL152P10002;24547327100810;ASAHI Hyperion Ⅱ Coronary Guide Catheter
HW60AL200P09002;24547327100902;ASAHI Hyperion Ⅱ Coronary Guide Catheter
HW60AL200P10000;24547327100667;ASAHI Hyperion Ⅱ Coronary Guide Catheter
HW60AL200P10002;24547327100827;ASAHI Hyperion Ⅱ Coronary Guide Catheter
HW60AL202P09002;24547327100919;ASAHI Hyperion Ⅱ Coronary Guide Catheter
HW60AL202P10000;24547327100681;ASAHI Hyperion Ⅱ Coronary Guide Catheter
HW60AL202P10002;24547327100834;ASAHI Hyperion Ⅱ Coronary Guide Catheter
HW60AR100P10000;24547327101862;ASAHI Hyperion Ⅱ Coronary Guide Catheter
HW60AR102P10000;24547327101879;ASAHI Hyperion Ⅱ Coronary Guide Catheter
HW60AR200P10000;24547327101886;ASAHI Hyperion Ⅱ Coronary Guide Catheter
HW60AR202P10000;24547327101893;ASAHI Hyperion Ⅱ Coronary Guide Catheter
HW60CP100P10000;24547327100926;ASAHI Hyperion Ⅱ Coronary Guide Catheter
HW60CP150P10000;24547327100933;ASAHI Hyperion Ⅱ Coronary Guide Catheter
HW60CP200P10000;24547327100940;ASAHI Hyperion Ⅱ Coronary Guide Catheter
HW60CP250P10000;24547327100957;ASAHI Hyperion Ⅱ Coronary Guide Catheter
HW60CP270P10000;24547327100964;ASAHI Hyperion Ⅱ Coronary Guide Catheter
HW60CP300P10000;24547327100971;ASAHI Hyperion Ⅱ Coronary Guide Catheter
HW60CP320P10000;24547327100988;ASAHI Hyperion Ⅱ Coronary Guide Catheter
HW60CP350P10000;24547327100995;ASAHI Hyperion Ⅱ Coronary Guide Catheter
HW60HS010P10000;24547327101947;ASAHI Hyperion Ⅱ Coronary Guide Catheter
HW60HS012P10000;24547327101954;ASAHI Hyperion Ⅱ Coronary Guide Catheter
HW60HS020P10000;24547327101961;ASAHI Hyperion Ⅱ Coronary Guide Catheter
HW60HS022P10000;24547327101978;ASAHI Hyperion Ⅱ Coronary Guide Catheter
HW60IM000P10000;24547327100520;ASAHI Hyperion Ⅱ Coronary Guide Catheter
HW60IM002P10000;24547327100537;ASAHI Hyperion Ⅱ Coronary Guide Catheter
HW60JL300P10000;24547327101428;ASAHI Hyperion Ⅱ Coronary Guide Catheter
HW60JL300P10001;24547327101435;ASAHI Hyperion Ⅱ Coronary Guide Catheter
HW60JL302P10000;24547327101442;ASAHI Hyperion Ⅱ Coronary Guide Catheter
HW60JL302P10001;24547327101459;ASAHI Hyperion Ⅱ Coronary Guide Catheter
HW60JL350P09000;24547327101626;ASAHI Hyperion Ⅱ Coronary Guide Catheter
HW60JL350P10000;24547327101466;ASAHI Hyperion Ⅱ Coronary Guide Catheter
HW60JL350P10001;24547327101473;ASAHI Hyperion Ⅱ Coronary Guide Catheter
HW60JL352P09000;24547327101633;ASAHI Hyperion Ⅱ Coronary Guide Catheter
HW60JL352P09001;24547327101640;ASAHI Hyperion Ⅱ Coronary Guide Catheter
HW60JL352P10000;24547327101480;ASAHI Hyperion Ⅱ Coronary Guide Catheter
HW60JL352P10001;24547327101497;ASAHI Hyperion Ⅱ Coronary Guide Catheter
HW60JL400P09000;24547327101657;ASAHI Hyperion Ⅱ Coronary Guide Catheter
HW60JL400P10000;24547327101503;ASAHI Hyperion Ⅱ Coronary Guide Catheter
HW60JL400P10001;24547327101510;ASAHI Hyperion Ⅱ Coronary Guide Catheter
HW60JL402P09000;24547327101664;ASAHI Hyperion Ⅱ Coronary Guide Catheter
HW60JL402P09001;24547327101671;ASAHI Hyperion Ⅱ Coronary Guide Catheter
HW60JL402P10000;24547327101527;ASAHI Hyperion Ⅱ Coronary Guide Catheter
HW60JL402P10001;24547327101534;ASAHI Hyperion Ⅱ Coronary Guide Catheter
HW60JL450P10000;24547327101541;ASAHI Hyperion Ⅱ Coronary Guide Catheter
HW60JL450P10001;24547327101558;ASAHI Hyperion Ⅱ Coronary Guide Catheter
HW60JL452P10000;24547327101565;ASAHI Hyperion Ⅱ Coronary Guide Catheter
HW60JL452P10001;24547327101572;ASAHI Hyperion Ⅱ Coronary Guide Catheter
HW60JL500P10000;24547327101589;ASAHI Hyperion Ⅱ Coronary Guide Catheter
HW60JL500P10001;24547327101596;ASAHI Hyperion Ⅱ Coronary Guide Catheter
HW60JL502P10000;24547327101602;ASAHI Hyperion Ⅱ Coronary Guide Catheter
HW60JL502P10001;24547327101619;ASAHI Hyperion Ⅱ Coronary Guide Catheter
HW60JR350P09000;24547327101763;ASAHI Hyperion Ⅱ Coronary Guide Catheter
HW60JR350P10000;24547327101688;ASAHI Hyperion Ⅱ Coronary Guide Catheter
HW60JR352P09000;24547327101770;ASAHI Hyperion Ⅱ Coronary Guide Catheter
HW60JR352P10000;24547327101695;ASAHI Hyperion Ⅱ Coronary Guide Catheter
HW60JR400P09000;24547327101787;ASAHI Hyperion Ⅱ Coronary Guide Catheter
HW60JR400P10000;24547327101701;ASAHI Hyperion Ⅱ Coronary Guide Catheter
HW60JR402P09000;24547327101794;ASAHI Hyperion Ⅱ Coronary Guide Catheter
HW60JR402P10000;24547327101718;ASAHI Hyperion Ⅱ Coronary Guide Catheter
HW60JR450P10000;24547327101725;ASAHI Hyperion Ⅱ Coronary Guide Catheter
HW60JR452P10000;24547327101732;ASAHI Hyperion Ⅱ Coronary Guide Catheter
HW60JR500P10000;24547327101749;ASAHI Hyperion Ⅱ Coronary Guide Catheter
HW60JR502P10000;24547327101756;ASAHI Hyperion Ⅱ Coronary Guide Catheter
HW60MP010P10000;24547327102098;ASAHI Hyperion Ⅱ Coronary Guide Catheter
HW60MP012P10000;24547327102104;ASAHI Hyperion Ⅱ Coronary Guide Catheter
HW60MP020P10000;24547327102111;ASAHI Hyperion Ⅱ Coronary Guide Catheter
HW60MP022P10000;24547327102128;ASAHI Hyperion Ⅱ Coronary Guide Catheter
HW60PB300P09000;24547327101367;ASAHI Hyperion Ⅱ Coronary Guide Catheter
HW60PB300P10000;24547327101220;ASAHI Hyperion Ⅱ Coronary Guide Catheter
HW60PB302P09000;24547327101374;ASAHI Hyperion Ⅱ Coronary Guide Catheter
HW60PB302P10000;24547327101237;ASAHI Hyperion Ⅱ Coronary Guide Catheter
HW60PB350P09000;24547327101381;ASAHI Hyperion Ⅱ Coronary Guide Catheter
HW60PB350P10000;24547327101268;ASAHI Hyperion Ⅱ Coronary Guide Catheter
HW60PB352P09000;24547327101398;ASAHI Hyperion Ⅱ Coronary Guide Catheter
HW60PB352P10000;24547327101275;ASAHI Hyperion Ⅱ Coronary Guide Catheter
HW60PB400P09000;24547327101404;ASAHI Hyperion Ⅱ Coronary Guide Catheter
HW60PB400P10000;24547327101305;ASAHI Hyperion Ⅱ Coronary Guide Catheter
HW60PB402P09000;24547327101411;ASAHI Hyperion Ⅱ Coronary Guide Catheter
HW60PB402P10000;24547327101312;ASAHI Hyperion Ⅱ Coronary Guide Catheter
HW60RB070P10000;24547327101985;ASAHI Hyperion Ⅱ Coronary Guide Catheter
HW60RB072P10000;24547327101992;ASAHI Hyperion Ⅱ Coronary Guide Catheter
HW60RB100P10000;24547327102005;ASAHI Hyperion Ⅱ Coronary Guide Catheter
HW60RB102P10000;24547327102012;ASAHI Hyperion Ⅱ Coronary Guide Catheter
HW60SA350P10000;24547327101909;ASAHI Hyperion Ⅱ Coronary Guide Catheter
HW60SA352P10000;24547327101916;ASAHI Hyperion Ⅱ Coronary Guide Catheter
HW60SA400P10000;24547327101923;ASAHI Hyperion Ⅱ Coronary Guide Catheter
HW60SA402P10000;24547327101930;ASAHI Hyperion Ⅱ Coronary Guide Catheter
HW60SC350P10000;24547327101824;ASAHI Hyperion Ⅱ Coronary Guide Catheter
HW60SC352P10000;24547327101831;ASAHI Hyperion Ⅱ Coronary Guide Catheter
HW60SC400P10000;24547327101848;ASAHI Hyperion Ⅱ Coronary Guide Catheter
HW60SC402P10000;24547327101855;ASAHI Hyperion Ⅱ Coronary Guide Catheter
HW60SP300P09000;24547327101145;ASAHI Hyperion Ⅱ Coronary Guide Catheter
HW60SP300P10000;24547327101008;ASAHI Hyperion Ⅱ Coronary Guide Catheter
HW60SP302P09000;24547327101152;ASAHI Hyperion Ⅱ Coronary Guide Catheter
HW60SP302P10000;24547327101015;ASAHI Hyperion Ⅱ Coronary Guide Catheter
HW60SP350P09000;24547327101169;ASAHI Hyperion Ⅱ Coronary Guide Catheter
HW60SP350P10000;24547327101046;ASAHI Hyperion Ⅱ Coronary Guide Catheter
HW60SP352P09000;24547327101176;ASAHI Hyperion Ⅱ Coronary Guide Catheter
HW60SP352P10000;24547327101053;ASAHI Hyperion Ⅱ Coronary Guide Catheter
HW60SP370P10000;24547327101060;ASAHI Hyperion Ⅱ Coronary Guide Catheter
HW60SP372P10000;24547327101077;ASAHI Hyperion Ⅱ Coronary Guide Catheter
HW60SP400P09000;24547327101183;ASAHI Hyperion Ⅱ Coronary Guide Catheter
HW60SP400P10000;24547327101084;ASAHI Hyperion Ⅱ Coronary Guide Catheter
HW60SP402P09000;24547327101190;ASAHI Hyperion Ⅱ Coronary Guide Catheter
HW60SP402P10000;24547327101091;ASAHI Hyperion Ⅱ Coronary Guide Catheter
HW70AL070P09000;24547327102319;ASAHI Hyperion Ⅱ Coronary Guide Catheter
HW70AL070P09002;24547327102456;ASAHI Hyperion Ⅱ Coronary Guide Catheter
HW70AL070P10000;24547327102159;ASAHI Hyperion Ⅱ Coronary Guide Catheter
HW70AL070P10002;24547327102371;ASAHI Hyperion Ⅱ Coronary Guide Catheter
HW70AL072P09000;24547327102326;ASAHI Hyperion Ⅱ Coronary Guide Catheter
HW70AL072P09002;24547327102463;ASAHI Hyperion Ⅱ Coronary Guide Catheter
HW70AL072P10000;24547327102173;ASAHI Hyperion Ⅱ Coronary Guide Catheter
HW70AL072P10002;24547327102388;ASAHI Hyperion Ⅱ Coronary Guide Catheter
HW70AL100P09000;24547327102333;ASAHI Hyperion Ⅱ Coronary Guide Catheter
HW70AL100P09002;24547327102470;ASAHI Hyperion Ⅱ Coronary Guide Catheter
HW70AL100P10000;24547327102197;ASAHI Hyperion Ⅱ Coronary Guide Catheter
HW70AL100P10002;24547327102395;ASAHI Hyperion Ⅱ Coronary Guide Catheter
HW70AL102P09000;24547327102340;ASAHI Hyperion Ⅱ Coronary Guide Catheter
HW70AL102P09002;24547327102487;ASAHI Hyperion Ⅱ Coronary Guide Catheter
HW70AL102P10000;24547327102210;ASAHI Hyperion Ⅱ Coronary Guide Catheter
HW70AL102P10002;24547327102401;ASAHI Hyperion Ⅱ Coronary Guide Catheter
HW70AL150P09000;24547327102357;ASAHI Hyperion Ⅱ Coronary Guide Catheter
HW70AL150P09002;24547327102494;ASAHI Hyperion Ⅱ Coronary Guide Catheter
HW70AL150P10000;24547327102234;ASAHI Hyperion Ⅱ Coronary Guide Catheter
HW70AL150P10002;24547327102418;ASAHI Hyperion Ⅱ Coronary Guide Catheter
HW70AL152P09000;24547327102364;ASAHI Hyperion Ⅱ Coronary Guide Catheter
HW70AL152P09002;24547327102500;ASAHI Hyperion Ⅱ Coronary Guide Catheter
HW70AL152P10000;24547327102258;ASAHI Hyperion Ⅱ Coronary Guide Catheter
HW70AL152P10002;24547327102425;ASAHI Hyperion Ⅱ Coronary Guide Catheter
HW70AL200P09002;24547327102517;ASAHI Hyperion Ⅱ Coronary Guide Catheter
HW70AL200P10000;24547327102272;ASAHI Hyperion Ⅱ Coronary Guide Catheter
HW70AL200P10002;24547327102432;ASAHI Hyperion Ⅱ Coronary Guide Catheter
HW70AL202P09002;24547327102524;ASAHI Hyperion Ⅱ Coronary Guide Catheter
HW70AL202P10000;24547327102296;ASAHI Hyperion Ⅱ Coronary Guide Catheter
HW70AL202P10002;24547327102449;ASAHI Hyperion Ⅱ Coronary Guide Catheter
HW70AR100P10000;24547327103477;ASAHI Hyperion Ⅱ Coronary Guide Catheter
HW70AR102P10000;24547327103484;ASAHI Hyperion Ⅱ Coronary Guide Catheter
HW70AR200P10000;24547327103491;ASAHI Hyperion Ⅱ Coronary Guide Catheter
HW70AR202P10000;24547327103507;ASAHI Hyperion Ⅱ Coronary Guide Catheter
HW70CP100P10000;24547327102531;ASAHI Hyperion Ⅱ Coronary Guide Catheter
HW70CP150P10000;24547327102548;ASAHI Hyperion Ⅱ Coronary Guide Catheter
HW70CP200P10000;24547327102555;ASAHI Hyperion Ⅱ Coronary Guide Catheter
HW70CP250P10000;24547327102562;ASAHI Hyperion Ⅱ Coronary Guide Catheter
HW70CP270P10000;24547327102579;ASAHI Hyperion Ⅱ Coronary Guide Catheter
HW70CP300P10000;24547327102586;ASAHI Hyperion Ⅱ Coronary Guide Catheter
HW70CP320P10000;24547327102593;ASAHI Hyperion Ⅱ Coronary Guide Catheter
HW70CP350P10000;24547327102609;ASAHI Hyperion Ⅱ Coronary Guide Catheter
HW70HS010P10000;24547327103552;ASAHI Hyperion Ⅱ Coronary Guide Catheter
HW70HS012P10000;24547327103569;ASAHI Hyperion Ⅱ Coronary Guide Catheter
HW70HS020P10000;24547327103576;ASAHI Hyperion Ⅱ Coronary Guide Catheter
HW70HS022P10000;24547327103583;ASAHI Hyperion Ⅱ Coronary Guide Catheter
HW70IM000P10000;24547327102135;ASAHI Hyperion Ⅱ Coronary Guide Catheter
HW70IM002P10000;24547327102142;ASAHI Hyperion Ⅱ Coronary Guide Catheter
HW70JL300P10000;24547327103033;ASAHI Hyperion Ⅱ Coronary Guide Catheter
HW70JL300P10001;24547327103040;ASAHI Hyperion Ⅱ Coronary Guide Catheter
HW70JL302P10000;24547327103057;ASAHI Hyperion Ⅱ Coronary Guide Catheter
HW70JL302P10001;24547327103064;ASAHI Hyperion Ⅱ Coronary Guide Catheter
HW70JL350P09000;24547327103231;ASAHI Hyperion Ⅱ Coronary Guide Catheter
HW70JL350P10000;24547327103071;ASAHI Hyperion Ⅱ Coronary Guide Catheter
HW70JL350P10001;24547327103088;ASAHI Hyperion Ⅱ Coronary Guide Catheter
HW70JL352P09000;24547327103248;ASAHI Hyperion Ⅱ Coronary Guide Catheter
HW70JL352P09001;24547327103255;ASAHI Hyperion Ⅱ Coronary Guide Catheter
HW70JL352P10000;24547327103095;ASAHI Hyperion Ⅱ Coronary Guide Catheter
HW70JL352P10001;24547327103101;ASAHI Hyperion Ⅱ Coronary Guide Catheter
HW70JL400P09000;24547327103262;ASAHI Hyperion Ⅱ Coronary Guide Catheter
HW70JL400P10000;24547327103118;ASAHI Hyperion Ⅱ Coronary Guide Catheter
HW70JL400P10001;24547327103125;ASAHI Hyperion Ⅱ Coronary Guide Catheter
HW70JL402P09000;24547327103279;ASAHI Hyperion Ⅱ Coronary Guide Catheter
HW70JL402P09001;24547327103286;ASAHI Hyperion Ⅱ Coronary Guide Catheter
HW70JL402P10000;24547327103132;ASAHI Hyperion Ⅱ Coronary Guide Catheter
HW70JL402P10001;24547327103149;ASAHI Hyperion Ⅱ Coronary Guide Catheter
HW70JL450P10000;24547327103156;ASAHI Hyperion Ⅱ Coronary Guide Catheter
HW70JL450P10001;24547327103163;ASAHI Hyperion Ⅱ Coronary Guide Catheter
HW70JL452P10000;24547327103170;ASAHI Hyperion Ⅱ Coronary Guide Catheter
HW70JL452P10001;24547327103187;ASAHI Hyperion Ⅱ Coronary Guide Catheter
HW70JL500P10000;24547327103194;ASAHI Hyperion Ⅱ Coronary Guide Catheter
HW70JL500P10001;24547327103200;ASAHI Hyperion Ⅱ Coronary Guide Catheter
HW70JL502P10000;24547327103217;ASAHI Hyperion Ⅱ Coronary Guide Catheter
HW70JL502P10001;24547327103224;ASAHI Hyperion Ⅱ Coronary Guide Catheter
HW70JR350P09000;24547327103378;ASAHI Hyperion Ⅱ Coronary Guide Catheter
HW70JR350P10000;24547327103293;ASAHI Hyperion Ⅱ Coronary Guide Catheter
HW70JR352P09000;24547327103385;ASAHI Hyperion Ⅱ Coronary Guide Catheter
HW70JR352P10000;24547327103309;ASAHI Hyperion Ⅱ Coronary Guide Catheter
HW70JR400P09000;24547327103392;ASAHI Hyperion Ⅱ Coronary Guide Catheter
HW70JR400P10000;24547327103316;ASAHI Hyperion Ⅱ Coronary Guide Catheter
HW70JR402P09000;24547327103408;ASAHI Hyperion Ⅱ Coronary Guide Catheter
HW70JR402P10000;24547327103323;ASAHI Hyperion Ⅱ Coronary Guide Catheter
HW70JR450P10000;24547327103330;ASAHI Hyperion Ⅱ Coronary Guide Catheter
HW70JR452P10000;24547327103347;ASAHI Hyperion Ⅱ Coronary Guide Catheter
HW70JR500P10000;24547327103354;ASAHI Hyperion Ⅱ Coronary Guide Catheter
HW70JR502P10000;24547327103361;ASAHI Hyperion Ⅱ Coronary Guide Catheter
HW70MP010P10000;24547327103705;ASAHI Hyperion Ⅱ Coronary Guide Catheter
HW70MP012P10000;24547327103712;ASAHI Hyperion Ⅱ Coronary Guide Catheter
HW70MP020P10000;24547327103729;ASAHI Hyperion Ⅱ Coronary Guide Catheter
HW70MP022P10000;24547327103736;ASAHI Hyperion Ⅱ Coronary Guide Catheter
HW70PB300P09000;24547327102975;ASAHI Hyperion Ⅱ Coronary Guide Catheter
HW70PB300P10000;24547327102838;ASAHI Hyperion Ⅱ Coronary Guide Catheter
HW70PB302P09000;24547327102982;ASAHI Hyperion Ⅱ Coronary Guide Catheter
HW70PB302P10000;24547327102845;ASAHI Hyperion Ⅱ Coronary Guide Catheter
HW70PB350P09000;24547327102999;ASAHI Hyperion Ⅱ Coronary Guide Catheter
HW70PB350P10000;24547327102876;ASAHI Hyperion Ⅱ Coronary Guide Catheter
HW70PB352P09000;24547327103002;ASAHI Hyperion Ⅱ Coronary Guide Catheter
HW70PB352P10000;24547327102883;ASAHI Hyperion Ⅱ Coronary Guide Catheter
HW70PB400P09000;24547327103019;ASAHI Hyperion Ⅱ Coronary Guide Catheter
HW70PB400P10000;24547327102913;ASAHI Hyperion Ⅱ Coronary Guide Catheter
HW70PB402P09000;24547327103026;ASAHI Hyperion Ⅱ Coronary Guide Catheter
HW70PB402P10000;24547327102920;ASAHI Hyperion Ⅱ Coronary Guide Catheter
HW70RB070P10000;24547327103590;ASAHI Hyperion Ⅱ Coronary Guide Catheter
HW70RB072P10000;24547327103606;ASAHI Hyperion Ⅱ Coronary Guide Catheter
HW70RB100P10000;24547327103613;ASAHI Hyperion Ⅱ Coronary Guide Catheter
HW70RB102P10000;24547327103620;ASAHI Hyperion Ⅱ Coronary Guide Catheter
HW70SA350P10000;24547327103514;ASAHI Hyperion Ⅱ Coronary Guide Catheter
HW70SA352P10000;24547327103521;ASAHI Hyperion Ⅱ Coronary Guide Catheter
HW70SA400P10000;24547327103538;ASAHI Hyperion Ⅱ Coronary Guide Catheter
HW70SA402P10000;24547327103545;ASAHI Hyperion Ⅱ Coronary Guide Catheter
HW70SC350P10000;24547327103439;ASAHI Hyperion Ⅱ Coronary Guide Catheter
HW70SC352P10000;24547327103446;ASAHI Hyperion Ⅱ Coronary Guide Catheter
HW70SC400P10000;24547327103453;ASAHI Hyperion Ⅱ Coronary Guide Catheter
HW70SC402P10000;24547327103460;ASAHI Hyperion Ⅱ Coronary Guide Catheter
HW70SP300P09000;24547327102753;ASAHI Hyperion Ⅱ Coronary Guide Catheter
HW70SP300P10000;24547327102616;ASAHI Hyperion Ⅱ Coronary Guide Catheter
HW70SP302P09000;24547327102760;ASAHI Hyperion Ⅱ Coronary Guide Catheter
HW70SP302P10000;24547327102623;ASAHI Hyperion Ⅱ Coronary Guide Catheter
HW70SP350P09000;24547327102777;ASAHI Hyperion Ⅱ Coronary Guide Catheter
HW70SP350P10000;24547327102654;ASAHI Hyperion Ⅱ Coronary Guide Catheter
HW70SP352P09000;24547327102784;ASAHI Hyperion Ⅱ Coronary Guide Catheter
HW70SP352P10000;24547327102661;ASAHI Hyperion Ⅱ Coronary Guide Catheter
HW70SP370P10000;24547327102678;ASAHI Hyperion Ⅱ Coronary Guide Catheter
HW70SP372P10000;24547327102685;ASAHI Hyperion Ⅱ Coronary Guide Catheter
HW70SP400P09000;24547327102791;ASAHI Hyperion Ⅱ Coronary Guide Catheter
HW70SP400P10000;24547327102692;ASAHI Hyperion Ⅱ Coronary Guide Catheter
HW70SP402P09000;24547327102807;ASAHI Hyperion Ⅱ Coronary Guide Catheter
HW70SP402P10000;24547327102708;ASAHI Hyperion Ⅱ Coronary Guide Catheter
HW80AL070P09000;24547327103927;ASAHI Hyperion Ⅱ Coronary Guide Catheter
HW80AL070P09002;24547327104061;ASAHI Hyperion Ⅱ Coronary Guide Catheter
HW80AL070P10000;24547327103767;ASAHI Hyperion Ⅱ Coronary Guide Catheter
HW80AL070P10002;24547327103989;ASAHI Hyperion Ⅱ Coronary Guide Catheter
HW80AL072P09000;24547327103934;ASAHI Hyperion Ⅱ Coronary Guide Catheter
HW80AL072P09002;24547327104078;ASAHI Hyperion Ⅱ Coronary Guide Catheter
HW80AL072P10000;24547327103781;ASAHI Hyperion Ⅱ Coronary Guide Catheter
HW80AL072P10002;24547327103996;ASAHI Hyperion Ⅱ Coronary Guide Catheter
HW80AL100P09000;24547327103941;ASAHI Hyperion Ⅱ Coronary Guide Catheter
HW80AL100P09002;24547327104085;ASAHI Hyperion Ⅱ Coronary Guide Catheter
HW80AL100P10000;24547327103804;ASAHI Hyperion Ⅱ Coronary Guide Catheter
HW80AL100P10002;24547327104009;ASAHI Hyperion Ⅱ Coronary Guide Catheter
HW80AL102P09000;24547327103958;ASAHI Hyperion Ⅱ Coronary Guide Catheter
HW80AL102P09002;24547327104092;ASAHI Hyperion Ⅱ Coronary Guide Catheter
HW80AL102P10000;24547327103828;ASAHI Hyperion Ⅱ Coronary Guide Catheter
HW80AL102P10002;24547327104016;ASAHI Hyperion Ⅱ Coronary Guide Catheter
HW80AL150P09000;24547327103965;ASAHI Hyperion Ⅱ Coronary Guide Catheter
HW80AL150P09002;24547327104108;ASAHI Hyperion Ⅱ Coronary Guide Catheter
HW80AL150P10000;24547327103842;ASAHI Hyperion Ⅱ Coronary Guide Catheter
HW80AL150P10002;24547327104023;ASAHI Hyperion Ⅱ Coronary Guide Catheter
HW80AL152P09000;24547327103972;ASAHI Hyperion Ⅱ Coronary Guide Catheter
HW80AL152P09002;24547327104115;ASAHI Hyperion Ⅱ Coronary Guide Catheter
HW80AL152P10000;24547327103866;ASAHI Hyperion Ⅱ Coronary Guide Catheter
HW80AL152P10002;24547327104030;ASAHI Hyperion Ⅱ Coronary Guide Catheter
HW80AL200P09002;24547327104122;ASAHI Hyperion Ⅱ Coronary Guide Catheter
HW80AL200P10000;24547327103880;ASAHI Hyperion Ⅱ Coronary Guide Catheter
HW80AL200P10002;24547327104047;ASAHI Hyperion Ⅱ Coronary Guide Catheter
HW80AL202P09002;24547327104139;ASAHI Hyperion Ⅱ Coronary Guide Catheter
HW80AL202P10000;24547327103903;ASAHI Hyperion Ⅱ Coronary Guide Catheter
HW80AL202P10002;24547327104054;ASAHI Hyperion Ⅱ Coronary Guide Catheter
HW80AR100P10000;24547327105082;ASAHI Hyperion Ⅱ Coronary Guide Catheter
HW80AR102P10000;24547327105099;ASAHI Hyperion Ⅱ Coronary Guide Catheter
HW80AR200P10000;24547327105105;ASAHI Hyperion Ⅱ Coronary Guide Catheter
HW80AR202P10000;24547327105112;ASAHI Hyperion Ⅱ Coronary Guide Catheter
HW80CP100P10000;24547327104146;ASAHI Hyperion Ⅱ Coronary Guide Catheter
HW80CP150P10000;24547327104153;ASAHI Hyperion Ⅱ Coronary Guide Catheter
HW80CP200P10000;24547327104160;ASAHI Hyperion Ⅱ Coronary Guide Catheter
HW80CP250P10000;24547327104177;ASAHI Hyperion Ⅱ Coronary Guide Catheter
HW80CP270P10000;24547327104184;ASAHI Hyperion Ⅱ Coronary Guide Catheter
HW80CP300P10000;24547327104191;ASAHI Hyperion Ⅱ Coronary Guide Catheter
HW80CP320P10000;24547327104207;ASAHI Hyperion Ⅱ Coronary Guide Catheter
HW80CP350P10000;24547327104214;ASAHI Hyperion Ⅱ Coronary Guide Catheter
HW80HS010P10000;24547327105167;ASAHI Hyperion Ⅱ Coronary Guide Catheter
HW80HS012P10000;24547327105174;ASAHI Hyperion Ⅱ Coronary Guide Catheter
HW80HS020P10000;24547327105181;ASAHI Hyperion Ⅱ Coronary Guide Catheter
HW80HS022P10000;24547327105198;ASAHI Hyperion Ⅱ Coronary Guide Catheter
HW80IM000P10000;24547327103743;ASAHI Hyperion Ⅱ Coronary Guide Catheter
HW80IM002P10000;24547327103750;ASAHI Hyperion Ⅱ Coronary Guide Catheter
HW80JL300P10000;24547327104641;ASAHI Hyperion Ⅱ Coronary Guide Catheter
HW80JL300P10001;24547327104658;ASAHI Hyperion Ⅱ Coronary Guide Catheter
HW80JL302P10000;24547327104665;ASAHI Hyperion Ⅱ Coronary Guide Catheter
HW80JL302P10001;24547327104672;ASAHI Hyperion Ⅱ Coronary Guide Catheter
HW80JL350P09000;24547327104849;ASAHI Hyperion Ⅱ Coronary Guide Catheter
HW80JL350P10000;24547327104689;ASAHI Hyperion Ⅱ Coronary Guide Catheter
HW80JL350P10001;24547327104696;ASAHI Hyperion Ⅱ Coronary Guide Catheter
HW80JL352P09000;24547327104856;ASAHI Hyperion Ⅱ Coronary Guide Catheter
HW80JL352P09001;24547327104863;ASAHI Hyperion Ⅱ Coronary Guide Catheter
HW80JL352P10000;24547327104702;ASAHI Hyperion Ⅱ Coronary Guide Catheter
HW80JL352P10001;24547327104719;ASAHI Hyperion Ⅱ Coronary Guide Catheter
HW80JL400P09000;24547327104870;ASAHI Hyperion Ⅱ Coronary Guide Catheter
HW80JL400P10000;24547327104726;ASAHI Hyperion Ⅱ Coronary Guide Catheter
HW80JL400P10001;24547327104733;ASAHI Hyperion Ⅱ Coronary Guide Catheter
HW80JL402P09000;24547327104887;ASAHI Hyperion Ⅱ Coronary Guide Catheter
HW80JL402P09001;24547327104894;ASAHI Hyperion Ⅱ Coronary Guide Catheter
HW80JL402P10000;24547327104740;ASAHI Hyperion Ⅱ Coronary Guide Catheter
HW80JL402P10001;24547327104757;ASAHI Hyperion Ⅱ Coronary Guide Catheter
HW80JL450P10000;24547327104764;ASAHI Hyperion Ⅱ Coronary Guide Catheter
HW80JL450P10001;24547327104771;ASAHI Hyperion Ⅱ Coronary Guide Catheter
HW80JL452P10000;24547327104788;ASAHI Hyperion Ⅱ Coronary Guide Catheter
HW80JL452P10001;24547327104795;ASAHI Hyperion Ⅱ Coronary Guide Catheter
HW80JL500P10000;24547327104801;ASAHI Hyperion Ⅱ Coronary Guide Catheter
HW80JL500P10001;24547327104818;ASAHI Hyperion Ⅱ Coronary Guide Catheter
HW80JL502P10000;24547327104825;ASAHI Hyperion Ⅱ Coronary Guide Catheter
HW80JL502P10001;24547327104832;ASAHI Hyperion Ⅱ Coronary Guide Catheter
HW80JR350P09000;24547327104986;ASAHI Hyperion Ⅱ Coronary Guide Catheter
HW80JR350P10000;24547327104900;ASAHI Hyperion Ⅱ Coronary Guide Catheter
HW80JR352P09000;24547327104993;ASAHI Hyperion Ⅱ Coronary Guide Catheter
HW80JR352P10000;24547327104917;ASAHI Hyperion Ⅱ Coronary Guide Catheter
HW80JR400P09000;24547327105006;ASAHI Hyperion Ⅱ Coronary Guide Catheter
HW80JR400P10000;24547327104924;ASAHI Hyperion Ⅱ Coronary Guide Catheter
HW80JR402P09000;24547327105013;ASAHI Hyperion Ⅱ Coronary Guide Catheter
HW80JR402P10000;24547327104931;ASAHI Hyperion Ⅱ Coronary Guide Catheter
HW80JR450P10000;24547327104948;ASAHI Hyperion Ⅱ Coronary Guide Catheter
HW80JR452P10000;24547327104955;ASAHI Hyperion Ⅱ Coronary Guide Catheter
HW80JR500P10000;24547327104962;ASAHI Hyperion Ⅱ Coronary Guide Catheter
HW80JR502P10000;24547327104979;ASAHI Hyperion Ⅱ Coronary Guide Catheter
HW80MP010P10000;24547327105310;ASAHI Hyperion Ⅱ Coronary Guide Catheter
HW80MP012P10000;24547327105327;ASAHI Hyperion Ⅱ Coronary Guide Catheter
HW80MP020P10000;24547327105334;ASAHI Hyperion Ⅱ Coronary Guide Catheter
HW80MP022P10000;24547327105341;ASAHI Hyperion Ⅱ Coronary Guide Catheter
HW80PB300P09000;24547327104580;ASAHI Hyperion Ⅱ Coronary Guide Catheter
HW80PB300P10000;24547327104443;ASAHI Hyperion Ⅱ Coronary Guide Catheter
HW80PB302P09000;24547327104597;ASAHI Hyperion Ⅱ Coronary Guide Catheter
HW80PB302P10000;24547327104450;ASAHI Hyperion Ⅱ Coronary Guide Catheter
HW80PB350P09000;24547327104603;ASAHI Hyperion Ⅱ Coronary Guide Catheter
HW80PB350P10000;24547327104481;ASAHI Hyperion Ⅱ Coronary Guide Catheter
HW80PB352P09000;24547327104610;ASAHI Hyperion Ⅱ Coronary Guide Catheter
HW80PB352P10000;24547327104498;ASAHI Hyperion Ⅱ Coronary Guide Catheter
HW80PB400P09000;24547327104627;ASAHI Hyperion Ⅱ Coronary Guide Catheter
HW80PB400P10000;24547327104528;ASAHI Hyperion Ⅱ Coronary Guide Catheter
HW80PB402P09000;24547327104634;ASAHI Hyperion Ⅱ Coronary Guide Catheter
HW80PB402P10000;24547327104535;ASAHI Hyperion Ⅱ Coronary Guide Catheter
HW80RB070P10000;24547327105204;ASAHI Hyperion Ⅱ Coronary Guide Catheter
HW80RB072P10000;24547327105211;ASAHI Hyperion Ⅱ Coronary Guide Catheter
HW80RB100P10000;24547327105228;ASAHI Hyperion Ⅱ Coronary Guide Catheter
HW80RB102P10000;24547327105235;ASAHI Hyperion Ⅱ Coronary Guide Catheter
HW80SA350P10000;24547327105129;ASAHI Hyperion Ⅱ Coronary Guide Catheter
HW80SA352P10000;24547327105136;ASAHI Hyperion Ⅱ Coronary Guide Catheter
HW80SA400P10000;24547327105143;ASAHI Hyperion Ⅱ Coronary Guide Catheter
HW80SA402P10000;24547327105150;ASAHI Hyperion Ⅱ Coronary Guide Catheter
HW80SC350P10000;24547327105044;ASAHI Hyperion Ⅱ Coronary Guide Catheter
HW80SC352P10000;24547327105051;ASAHI Hyperion Ⅱ Coronary Guide Catheter
HW80SC400P10000;24547327105068;ASAHI Hyperion Ⅱ Coronary Guide Catheter
HW80SC402P10000;24547327105075;ASAHI Hyperion Ⅱ Coronary Guide Catheter
HW80SP300P09000;24547327104368;ASAHI Hyperion Ⅱ Coronary Guide Catheter
HW80SP300P10000;24547327104221;ASAHI Hyperion Ⅱ Coronary Guide Catheter
HW80SP302P09000;24547327104375;ASAHI Hyperion Ⅱ Coronary Guide Catheter
HW80SP302P10000;24547327104238;ASAHI Hyperion Ⅱ Coronary Guide Catheter
HW80SP350P09000;24547327104382;ASAHI Hyperion Ⅱ Coronary Guide Catheter
HW80SP350P10000;24547327104269;ASAHI Hyperion Ⅱ Coronary Guide Catheter
HW80SP352P09000;24547327104399;ASAHI Hyperion Ⅱ Coronary Guide Catheter
HW80SP352P10000;24547327104276;ASAHI Hyperion Ⅱ Coronary Guide Catheter
HW80SP370P10000;24547327104283;ASAHI Hyperion Ⅱ Coronary Guide Catheter
HW80SP372P10000;24547327104290;ASAHI Hyperion Ⅱ Coronary Guide Catheter
HW80SP400P09000;24547327104405;ASAHI Hyperion Ⅱ Coronary Guide Catheter
HW80SP400P10000;24547327104306;ASAHI Hyperion Ⅱ Coronary Guide Catheter
HW80SP402P09000;24547327104412;ASAHI Hyperion Ⅱ Coronary Guide Catheter
HW80SP402P10000;24547327104313;ASAHI Hyperion Ⅱ Coronary Guide Catheter
PAGH143092;14547327082997;ASAHI Peripheral Guide Wire Astato XS 20 
PAGH143392;14547327083062;ASAHI Peripheral Guide Wire Astato XS 20 300cm 
PAGH18M070;14547327073131;ASAHI Peripheral Guide Wire Treasure 12  
PAGH18M071;14547327073155;ASAHI Peripheral Guide Wire Astato 30
PAGH18M072;14547327083307;ASAHI Peripheral Guide Wire Treasure Floppy
PAGH18M370;14547327073148;ASAHI Peripheral Guide Wire Treasure 12 300cm
PAGH18M371;14547327073162;ASAHI Peripheral Guide Wire Astato 30 300cm
PAGH18M372;14547327083314;ASAHI Peripheral Guide Wire Treasure Floppy 300cm
PAGHW143094;14547327108758;ASAHI Peripheral Guide Wire Astato XS 40 200cm
PAGHW143394;14547327108765;ASAHI Peripheral Guide Wire Astato XS 40 300cm
PAGP140000;14547327076682;ASAHI Peripheral Guide Wire Regalia XS 1.0
PAGP140300;14547327076699;ASAHI Peripheral Guide Wire Regalia XS 1.0 300cm
PHW14R101P;14547327106457;ASAHI Peripheral Guide Wire ASAHI Halberd14 Pre-shape 200cm
PHW14R101S;14547327106440;ASAHI Peripheral Guide Wire ASAHI Halberd14 Striaight 200cm
PHW14R201P;14547327106471;ASAHI Peripheral Guide Wire ASAHI Halberd14 Pre-shape 235cm
PHW14R201S;14547327106464;ASAHI Peripheral Guide Wire ASAHI Halberd14 Striaight 235cm
PHW14R301P;14547327106495;ASAHI Peripheral Guide Wire ASAHI Halberd14 Pre-shape 300cm
PHW14R301S;14547327106488;ASAHI Peripheral Guide Wire ASAHI Halberd14 Striaight 300cm
PHW18R101P;14547327106518;ASAHI Peripheral Guide Wire ASAHI Halberd18 Pre-shape 200cm
PHW18R101S;14547327106501;ASAHI Peripheral Guide Wire ASAHI Halberd18 Striaight 200cm
PHW18R102P;14547327106570;ASAHI Peripheral Guide Wire ASAHI Gaia PV18 Pre-shape 200cm
PHW18R102S;14547327106563;ASAHI Peripheral Guide Wire ASAHI Gaia PV18 Striaight 200cm
PHW18R201P;14547327106532;ASAHI Peripheral Guide Wire ASAHI Halberd18 Pre-shape 235cm
PHW18R201S;14547327106525;ASAHI Peripheral Guide Wire ASAHI Halberd18 Striaight 235cm
PHW18R202P;14547327106594;ASAHI Peripheral Guide Wire ASAHI Gaia PV18 Pre-shape 235cm
PHW18R202S;14547327106587;ASAHI Peripheral Guide Wire ASAHI Gaia PV18 Striaight 235cm
PHW18R301P;14547327106556;ASAHI Peripheral Guide Wire ASAHI Halberd18 Pre-shape 300cm
PHW18R301S;14547327106549;ASAHI Peripheral Guide Wire ASAHI Halberd18 Striaight 300cm
PHW18R302P;14547327106617;ASAHI Peripheral Guide Wire ASAHI Gaia PV18 Pre-shape 300cm
PHW18R302S;14547327106600;ASAHI Peripheral Guide Wire ASAHI Gaia PV18 Striaight 300cm
PPW14R100P;14547327106334;ASAHI Peripheral Guide Wire ASAHI Gladius14 Pre-shape 200cm
PPW14R100S;14547327106327;ASAHI Peripheral Guide Wire ASAHI Gladius14 Striaight 200cm
PPW14R200P;14547327106358;ASAHI Peripheral Guide Wire ASAHI Gladius14 Pre-shape 235cm
PPW14R200S;14547327106341;ASAHI Peripheral Guide Wire ASAHI Gladius14 Striaight 235cm
PPW14R300P;14547327106372;ASAHI Peripheral Guide Wire ASAHI Gladius14 Pre-shape 300cm
PPW14R300S;14547327106365;ASAHI Peripheral Guide Wire ASAHI Gladius14 Striaight 300cm
PPW18R100P;14547327106396;ASAHI Peripheral Guide Wire ASAHI Gladius18 Pre-shape 200cm
PPW18R100S;14547327106389;ASAHI Peripheral Guide Wire ASAHI Gladius18 Striaight 200cm
PPW18R200P;14547327106419;ASAHI Peripheral Guide Wire ASAHI Gladius18 Pre-shape 235cm
PPW18R200S;14547327106402;ASAHI Peripheral Guide Wire ASAHI Gladius18 Striaight 235cm
PPW18R300P;14547327106433;ASAHI Peripheral Guide Wire ASAHI Gladius18 Pre-shape 300cm
PPW18R300S;14547327106426;ASAHI Peripheral Guide Wire ASAHI Gladius18 Striaight 300cm
STD105-26S;24547327061807;ASAHI Stride Microcatheter
STD125-22A;24547327061784;ASAHI Stride Microcatheter
STD125-26S;24547327061814;ASAHI Stride Microcatheter
STD130-22S;24547327061791;ASAHI Stride Microcatheter
STD150-26S;24547327061821;ASAHI Stride Microcatheter
STP105-20S;24547327085711;ASAHI STRIDESMOOTH+ Microcatheter
STP125-20A;24547327085759;ASAHI STRIDESMOOTH+ Microcatheter
STP125-20S;24547327085728;ASAHI STRIDESMOOTH+ Microcatheter
STP150-20S;24547327085735;ASAHI STRIDESMOOTH+ Microcatheter
W6AL07-0-X100;24547327078706;ASAHI Zenyte EX
W6AL07-0-X100S;24547327078782;ASAHI Zenyte EX
W6AL07-2-X100;24547327078744;ASAHI Zenyte EX
W6AL07-2-X100S;24547327078829;ASAHI Zenyte EX
W6AL10-0-X100;24547327078713;ASAHI Zenyte EX
W6AL10-0-X100S;24547327078799;ASAHI Zenyte EX
W6AL10-2-X100;24547327078751;ASAHI Zenyte EX
W6AL10-2-X100S;24547327078836;ASAHI Zenyte EX
W6AL15-0-X100;24547327078720;ASAHI Zenyte EX
W6AL15-0-X100S;24547327078805;ASAHI Zenyte EX
W6AL15-2-X100;24547327078768;ASAHI Zenyte EX
W6AL15-2-X100S;24547327078843;ASAHI Zenyte EX
W6AL20-0-X100;24547327078737;ASAHI Zenyte EX
W6AL20-0-X100S;24547327078812;ASAHI Zenyte EX
W6AL20-2-X100;24547327078775;ASAHI Zenyte EX
W6AL20-2-X100S;24547327078850;ASAHI Zenyte EX
W6AR10-0-X100;24547327078867;ASAHI Zenyte EX
W6AR10-2-X100;24547327078881;ASAHI Zenyte EX
W6AR10-2-X100S;24547327078904;ASAHI Zenyte EX
W6AR20-0-X100;24547327078874;ASAHI Zenyte EX
W6AR20-2-X100;24547327078898;ASAHI Zenyte EX
W6AR20-2-X100S;24547327078911;ASAHI Zenyte EX
W6CL30-0-X100;24547327079208;ASAHI Zenyte EX
W6CL30-2-X100;24547327079253;ASAHI Zenyte EX
W6CL35-0-X100;24547327079215;ASAHI Zenyte EX
W6CL35-2-X100;24547327079260;ASAHI Zenyte EX
W6CL40-0-X100;24547327079222;ASAHI Zenyte EX
W6CL40-2-X100;24547327079277;ASAHI Zenyte EX
W6CL45-0-X100;24547327079239;ASAHI Zenyte EX
W6CL45-2-X100;24547327079284;ASAHI Zenyte EX
W6CL50-0-X100;24547327079246;ASAHI Zenyte EX
W6CL50-2-X100;24547327079291;ASAHI Zenyte EX
W6CP05-0-X100;24547327079345;ASAHI Zenyte EX
W6CP05-2-X100;24547327079383;ASAHI Zenyte EX
W6CP10-0-X100;24547327079352;ASAHI Zenyte EX
W6CP10-2-X100;24547327079390;ASAHI Zenyte EX
W6CP20-0-X100;24547327079369;ASAHI Zenyte EX
W6CP20-2-X100;24547327079406;ASAHI Zenyte EX
W6CP30-0-X100;24547327079376;ASAHI Zenyte EX
W6CP30-2-X100;24547327079413;ASAHI Zenyte EX
W6CR35-0-X100;24547327079307;ASAHI Zenyte EX
W6CR35-2-X100;24547327079321;ASAHI Zenyte EX
W6CR40-0-X100;24547327079314;ASAHI Zenyte EX
W6CR40-2-X100;24547327079338;ASAHI Zenyte EX
W6FL30-0-X100;24547327078300;ASAHI Zenyte EX
W6FL30-0-X100S;24547327078409;ASAHI Zenyte EX
W6FL30-2-X100;24547327078355;ASAHI Zenyte EX
W6FL30-2-X100S;24547327078454;ASAHI Zenyte EX
W6FL35-0-X100;24547327078317;ASAHI Zenyte EX
W6FL35-0-X100S;24547327078416;ASAHI Zenyte EX
W6FL35-2-X100;24547327078362;ASAHI Zenyte EX
W6FL35-2-X100S;24547327078461;ASAHI Zenyte EX
W6FL40-0-X100;24547327078324;ASAHI Zenyte EX
W6FL40-0-X100S;24547327078423;ASAHI Zenyte EX
W6FL40-2-X100;24547327078379;ASAHI Zenyte EX
W6FL40-2-X100S;24547327078478;ASAHI Zenyte EX
W6FL45-0-X100;24547327078331;ASAHI Zenyte EX
W6FL45-0-X100S;24547327078430;ASAHI Zenyte EX
W6FL45-2-X100;24547327078386;ASAHI Zenyte EX
W6FL45-2-X100S;24547327078485;ASAHI Zenyte EX
W6FL50-0-X100;24547327078348;ASAHI Zenyte EX
W6FL50-0-X100S;24547327078447;ASAHI Zenyte EX
W6FL50-2-X100;24547327078393;ASAHI Zenyte EX
W6FL50-2-X100S;24547327078492;ASAHI Zenyte EX
W6FR30-0-X100;24547327078508;ASAHI Zenyte EX
W6FR30-0-X100S;24547327078607;ASAHI Zenyte EX
W6FR30-2-X100;24547327078553;ASAHI Zenyte EX
W6FR30-2-X100S;24547327078652;ASAHI Zenyte EX
W6FR35-0-X100;24547327078515;ASAHI Zenyte EX
W6FR35-0-X100S;24547327078614;ASAHI Zenyte EX
W6FR35-2-X100;24547327078560;ASAHI Zenyte EX
W6FR35-2-X100S;24547327078669;ASAHI Zenyte EX
W6FR40-0-X100;24547327078522;ASAHI Zenyte EX
W6FR40-0-X100S;24547327078621;ASAHI Zenyte EX
W6FR40-2-X100;24547327078577;ASAHI Zenyte EX
W6FR40-2-X100S;24547327078676;ASAHI Zenyte EX
W6FR45-0-X100;24547327078539;ASAHI Zenyte EX
W6FR45-0-X100S;24547327078638;ASAHI Zenyte EX
W6FR45-2-X100;24547327078584;ASAHI Zenyte EX
W6FR45-2-X100S;24547327078683;ASAHI Zenyte EX
W6FR50-0-X100;24547327078546;ASAHI Zenyte EX
W6FR50-0-X100S;24547327078645;ASAHI Zenyte EX
W6FR50-2-X100;24547327078591;ASAHI Zenyte EX
W6FR50-2-X100S;24547327078690;ASAHI Zenyte EX
W6HS00-0-X100;24547327078928;ASAHI Zenyte EX
W6HS00-2-X100;24547327078935;ASAHI Zenyte EX
W6IM00-0-X100;24547327079024;ASAHI Zenyte EX
W6IM00-2-X100;24547327079031;ASAHI Zenyte EX
W6JL30-0-X100;24547327077907;ASAHI Zenyte EX
W6JL30-0-X100S;24547327078003;ASAHI Zenyte EX
W6JL30-2-X100;24547327077952;ASAHI Zenyte EX
W6JL30-2-X100S;24547327078058;ASAHI Zenyte EX
W6JL35-0-X100;24547327077914;ASAHI Zenyte EX
W6JL35-0-X100S;24547327078010;ASAHI Zenyte EX
W6JL35-2-X100;24547327077969;ASAHI Zenyte EX
W6JL35-2-X100S;24547327078065;ASAHI Zenyte EX
W6JL40-0-X100;24547327077921;ASAHI Zenyte EX
W6JL40-0-X100S;24547327078027;ASAHI Zenyte EX
W6JL40-2-X100;24547327077976;ASAHI Zenyte EX
W6JL40-2-X100S;24547327078072;ASAHI Zenyte EX
W6JL45-0-X100;24547327077938;ASAHI Zenyte EX
W6JL45-0-X100S;24547327078034;ASAHI Zenyte EX
W6JL45-2-X100;24547327077983;ASAHI Zenyte EX
W6JL45-2-X100S;24547327078089;ASAHI Zenyte EX
W6JL50-0-X100;24547327077945;ASAHI Zenyte EX
W6JL50-0-X100S;24547327078041;ASAHI Zenyte EX
W6JL50-2-X100;24547327077990;ASAHI Zenyte EX
W6JL50-2-X100S;24547327078096;ASAHI Zenyte EX
W6JR30-0-X100;24547327078102;ASAHI Zenyte EX
W6JR30-0-X100S;24547327078201;ASAHI Zenyte EX
W6JR30-2-X100;24547327078157;ASAHI Zenyte EX
W6JR30-2-X100S;24547327078256;ASAHI Zenyte EX
W6JR35-0-X100;24547327078119;ASAHI Zenyte EX
W6JR35-0-X100S;24547327078218;ASAHI Zenyte EX
W6JR35-2-X100;24547327078164;ASAHI Zenyte EX
W6JR35-2-X100S;24547327078263;ASAHI Zenyte EX
W6JR40-0-X100;24547327078126;ASAHI Zenyte EX
W6JR40-0-X100S;24547327078225;ASAHI Zenyte EX
W6JR40-2-X100;24547327078171;ASAHI Zenyte EX
W6JR40-2-X100S;24547327078270;ASAHI Zenyte EX
W6JR45-0-X100;24547327078133;ASAHI Zenyte EX
W6JR45-0-X100S;24547327078232;ASAHI Zenyte EX
W6JR45-2-X100;24547327078188;ASAHI Zenyte EX
W6JR45-2-X100S;24547327078287;ASAHI Zenyte EX
W6JR50-0-X100;24547327078140;ASAHI Zenyte EX
W6JR50-0-X100S;24547327078249;ASAHI Zenyte EX
W6JR50-2-X100;24547327078195;ASAHI Zenyte EX
W6JR50-2-X100S;24547327078294;ASAHI Zenyte EX
W6MP01-0-X100;24547327079185;ASAHI Zenyte EX
W6MP02-0-X100;24547327079192;ASAHI Zenyte EX
W6PB30-0-X100;24547327079048;ASAHI Zenyte EX
W6PB30-2-X100;24547327079079;ASAHI Zenyte EX
W6PB35-0-X100;24547327079055;ASAHI Zenyte EX
W6PB35-2-X100;24547327079086;ASAHI Zenyte EX
W6PB40-0-X100;24547327079062;ASAHI Zenyte EX
W6PB40-2-X100;24547327079093;ASAHI Zenyte EX
W6SA35-0-X100;24547327078942;ASAHI Zenyte EX
W6SA35-2-X100;24547327078966;ASAHI Zenyte EX
W6SA40-0-X100;24547327078959;ASAHI Zenyte EX
W6SA40-2-X100;24547327078973;ASAHI Zenyte EX
W6SC35-0-X100;24547327078980;ASAHI Zenyte EX
W6SC35-2-X100;24547327079000;ASAHI Zenyte EX
W6SC40-0-X100;24547327078997;ASAHI Zenyte EX
W6SC40-2-X100;24547327079017;ASAHI Zenyte EX
W6SP30-0-X100;24547327079109;ASAHI Zenyte EX
W6SP30-2-X100;24547327079147;ASAHI Zenyte EX
W6SP35-0-X100;24547327079116;ASAHI Zenyte EX
W6SP35-2-X100;24547327079154;ASAHI Zenyte EX
W6SP37-0-X100;24547327079123;ASAHI Zenyte EX
W6SP37-2-X100;24547327079161;ASAHI Zenyte EX
W6SP40-0-X100;24547327079130;ASAHI Zenyte EX
W6SP40-2-X100;24547327079178;ASAHI Zenyte EX
W7AL07-0-X100;24547327080228;ASAHI Zenyte EX
W7AL07-0-X100S;24547327080303;ASAHI Zenyte EX
W7AL07-2-X100;24547327080266;ASAHI Zenyte EX
W7AL07-2-X100S;24547327080341;ASAHI Zenyte EX
W7AL10-0-X100;24547327080235;ASAHI Zenyte EX
W7AL10-0-X100S;24547327080310;ASAHI Zenyte EX
W7AL10-2-X100;24547327080273;ASAHI Zenyte EX
W7AL10-2-X100S;24547327080358;ASAHI Zenyte EX
W7AL15-0-X100;24547327080242;ASAHI Zenyte EX
W7AL15-0-X100S;24547327080327;ASAHI Zenyte EX
W7AL15-2-X100;24547327080280;ASAHI Zenyte EX
W7AL15-2-X100S;24547327080365;ASAHI Zenyte EX
W7AL20-0-X100;24547327080259;ASAHI Zenyte EX
W7AL20-0-X100S;24547327080334;ASAHI Zenyte EX
W7AL20-2-X100;24547327080297;ASAHI Zenyte EX
W7AL20-2-X100S;24547327080372;ASAHI Zenyte EX
W7AR10-0-X100;24547327080389;ASAHI Zenyte EX
W7AR10-2-X100;24547327080402;ASAHI Zenyte EX
W7AR10-2-X100S;24547327080426;ASAHI Zenyte EX
W7AR20-0-X100;24547327080396;ASAHI Zenyte EX
W7AR20-2-X100;24547327080419;ASAHI Zenyte EX
W7AR20-2-X100S;24547327080433;ASAHI Zenyte EX
W7CL30-0-X100;24547327080723;ASAHI Zenyte EX
W7CL30-2-X100;24547327080778;ASAHI Zenyte EX
W7CL35-0-X100;24547327080730;ASAHI Zenyte EX
W7CL35-2-X100;24547327080785;ASAHI Zenyte EX
W7CL40-0-X100;24547327080747;ASAHI Zenyte EX
W7CL40-2-X100;24547327080792;ASAHI Zenyte EX
W7CL45-0-X100;24547327080754;ASAHI Zenyte EX
W7CL45-2-X100;24547327080808;ASAHI Zenyte EX
W7CL50-0-X100;24547327080761;ASAHI Zenyte EX
W7CL50-2-X100;24547327080815;ASAHI Zenyte EX
W7CP05-0-X100;24547327080860;ASAHI Zenyte EX
W7CP05-2-X100;24547327080907;ASAHI Zenyte EX
W7CP10-0-X100;24547327080877;ASAHI Zenyte EX
W7CP10-2-X100;24547327080914;ASAHI Zenyte EX
W7CP20-0-X100;24547327080884;ASAHI Zenyte EX
W7CP20-2-X100;24547327080921;ASAHI Zenyte EX
W7CP30-0-X100;24547327080891;ASAHI Zenyte EX
W7CP30-2-X100;24547327080938;ASAHI Zenyte EX
W7CR35-0-X100;24547327080822;ASAHI Zenyte EX
W7CR35-2-X100;24547327080846;ASAHI Zenyte EX
W7CR40-0-X100;24547327080839;ASAHI Zenyte EX
W7CR40-2-X100;24547327080853;ASAHI Zenyte EX
W7FL30-0-X100;24547327079826;ASAHI Zenyte EX
W7FL30-0-X100S;24547327079925;ASAHI Zenyte EX
W7FL30-2-X100;24547327079871;ASAHI Zenyte EX
W7FL30-2-X100S;24547327079970;ASAHI Zenyte EX
W7FL35-0-X100;24547327079833;ASAHI Zenyte EX
W7FL35-0-X100S;24547327079932;ASAHI Zenyte EX
W7FL35-2-X100;24547327079888;ASAHI Zenyte EX
W7FL35-2-X100S;24547327079987;ASAHI Zenyte EX
W7FL40-0-X100;24547327079840;ASAHI Zenyte EX
W7FL40-0-X100S;24547327079949;ASAHI Zenyte EX
W7FL40-2-X100;24547327079895;ASAHI Zenyte EX
W7FL40-2-X100S;24547327079994;ASAHI Zenyte EX
W7FL45-0-X100;24547327079857;ASAHI Zenyte EX
W7FL45-0-X100S;24547327079956;ASAHI Zenyte EX
W7FL45-2-X100;24547327079901;ASAHI Zenyte EX
W7FL45-2-X100S;24547327080006;ASAHI Zenyte EX
W7FL50-0-X100;24547327079864;ASAHI Zenyte EX
W7FL50-0-X100S;24547327079963;ASAHI Zenyte EX
W7FL50-2-X100;24547327079918;ASAHI Zenyte EX
W7FL50-2-X100S;24547327080013;ASAHI Zenyte EX
W7FR30-0-X100;24547327080020;ASAHI Zenyte EX
W7FR30-0-X100S;24547327080129;ASAHI Zenyte EX
W7FR30-2-X100;24547327080075;ASAHI Zenyte EX
W7FR30-2-X100S;24547327080174;ASAHI Zenyte EX
W7FR35-0-X100;24547327080037;ASAHI Zenyte EX
W7FR35-0-X100S;24547327080136;ASAHI Zenyte EX
W7FR35-2-X100;24547327080082;ASAHI Zenyte EX
W7FR35-2-X100S;24547327080181;ASAHI Zenyte EX
W7FR40-0-X100;24547327080044;ASAHI Zenyte EX
W7FR40-0-X100S;24547327080143;ASAHI Zenyte EX
W7FR40-2-X100;24547327080099;ASAHI Zenyte EX
W7FR40-2-X100S;24547327080198;ASAHI Zenyte EX
W7FR45-0-X100;24547327080051;ASAHI Zenyte EX
W7FR45-0-X100S;24547327080150;ASAHI Zenyte EX
W7FR45-2-X100;24547327080105;ASAHI Zenyte EX
W7FR45-2-X100S;24547327080204;ASAHI Zenyte EX
W7FR50-0-X100;24547327080068;ASAHI Zenyte EX
W7FR50-0-X100S;24547327080167;ASAHI Zenyte EX
W7FR50-2-X100;24547327080112;ASAHI Zenyte EX
W7FR50-2-X100S;24547327080211;ASAHI Zenyte EX
W7HS00-0-X100;24547327080440;ASAHI Zenyte EX
W7HS00-2-X100;24547327080457;ASAHI Zenyte EX
W7IM00-0-X100;24547327080549;ASAHI Zenyte EX
W7IM00-2-X100;24547327080556;ASAHI Zenyte EX
W7JL30-0-X100;24547327079420;ASAHI Zenyte EX
W7JL30-0-X100S;24547327079529;ASAHI Zenyte EX
W7JL30-2-X100;24547327079475;ASAHI Zenyte EX
W7JL30-2-X100S;24547327079574;ASAHI Zenyte EX
W7JL35-0-X100;24547327079437;ASAHI Zenyte EX
W7JL35-0-X100S;24547327079536;ASAHI Zenyte EX
W7JL35-2-X100;24547327079482;ASAHI Zenyte EX
W7JL35-2-X100S;24547327079581;ASAHI Zenyte EX
W7JL40-0-X100;24547327079444;ASAHI Zenyte EX
W7JL40-0-X100S;24547327079543;ASAHI Zenyte EX
W7JL40-2-X100;24547327079499;ASAHI Zenyte EX
W7JL40-2-X100S;24547327079598;ASAHI Zenyte EX
W7JL45-0-X100;24547327079451;ASAHI Zenyte EX
W7JL45-0-X100S;24547327079550;ASAHI Zenyte EX
W7JL45-2-X100;24547327079505;ASAHI Zenyte EX
W7JL45-2-X100S;24547327079604;ASAHI Zenyte EX
W7JL50-0-X100;24547327079468;ASAHI Zenyte EX
W7JL50-0-X100S;24547327079567;ASAHI Zenyte EX
W7JL50-2-X100;24547327079512;ASAHI Zenyte EX
W7JL50-2-X100S;24547327079611;ASAHI Zenyte EX
W7JR30-0-X100;24547327079628;ASAHI Zenyte EX
W7JR30-0-X100S;24547327079727;ASAHI Zenyte EX
W7JR30-2-X100;24547327079673;ASAHI Zenyte EX
W7JR30-2-X100S;24547327079772;ASAHI Zenyte EX
W7JR35-0-X100;24547327079635;ASAHI Zenyte EX
W7JR35-0-X100S;24547327079734;ASAHI Zenyte EX
W7JR35-2-X100;24547327079680;ASAHI Zenyte EX
W7JR35-2-X100S;24547327079789;ASAHI Zenyte EX
W7JR40-0-X100;24547327079642;ASAHI Zenyte EX
W7JR40-0-X100S;24547327079741;ASAHI Zenyte EX
W7JR40-2-X100;24547327079697;ASAHI Zenyte EX
W7JR40-2-X100S;24547327079796;ASAHI Zenyte EX
W7JR45-0-X100;24547327079659;ASAHI Zenyte EX
W7JR45-0-X100S;24547327079758;ASAHI Zenyte EX
W7JR45-2-X100;24547327079703;ASAHI Zenyte EX
W7JR45-2-X100S;24547327079802;ASAHI Zenyte EX
W7JR50-0-X100;24547327079666;ASAHI Zenyte EX
W7JR50-0-X100S;24547327079765;ASAHI Zenyte EX
W7JR50-2-X100;24547327079710;ASAHI Zenyte EX
W7JR50-2-X100S;24547327079819;ASAHI Zenyte EX
W7MP01-0-X100;24547327080709;ASAHI Zenyte EX
W7MP02-0-X100;24547327080716;ASAHI Zenyte EX
W7PB30-0-X100;24547327080563;ASAHI Zenyte EX
W7PB30-2-X100;24547327080594;ASAHI Zenyte EX
W7PB35-0-X100;24547327080570;ASAHI Zenyte EX
W7PB35-2-X100;24547327080600;ASAHI Zenyte EX
W7PB40-0-X100;24547327080587;ASAHI Zenyte EX
W7PB40-2-X100;24547327080617;ASAHI Zenyte EX
W7SA35-0-X100;24547327080464;ASAHI Zenyte EX
W7SA35-2-X100;24547327080488;ASAHI Zenyte EX
W7SA40-0-X100;24547327080471;ASAHI Zenyte EX
W7SA40-2-X100;24547327080495;ASAHI Zenyte EX
W7SC35-0-X100;24547327080501;ASAHI Zenyte EX
W7SC35-2-X100;24547327080525;ASAHI Zenyte EX
W7SC40-0-X100;24547327080518;ASAHI Zenyte EX
W7SC40-2-X100;24547327080532;ASAHI Zenyte EX
W7SP30-0-X100;24547327080624;ASAHI Zenyte EX
W7SP30-2-X100;24547327080662;ASAHI Zenyte EX
W7SP35-0-X100;24547327080631;ASAHI Zenyte EX
W7SP35-2-X100;24547327080679;ASAHI Zenyte EX
W7SP37-0-X100;24547327080648;ASAHI Zenyte EX
W7SP37-2-X100;24547327080686;ASAHI Zenyte EX
W7SP40-0-X100;24547327080655;ASAHI Zenyte EX
W7SP40-2-X100;24547327080693;ASAHI Zenyte EX
W8AL07-0-X100;24547327081744;ASAHI Zenyte EX
W8AL07-0-X100S;24547327081829;ASAHI Zenyte EX
W8AL07-2-X100;24547327081782;ASAHI Zenyte EX
W8AL07-2-X100S;24547327081867;ASAHI Zenyte EX
W8AL10-0-X100;24547327081751;ASAHI Zenyte EX
W8AL10-0-X100S;24547327081836;ASAHI Zenyte EX
W8AL10-2-X100;24547327081799;ASAHI Zenyte EX
W8AL10-2-X100S;24547327081874;ASAHI Zenyte EX
W8AL15-0-X100;24547327081768;ASAHI Zenyte EX
W8AL15-0-X100S;24547327081843;ASAHI Zenyte EX
W8AL15-2-X100;24547327081805;ASAHI Zenyte EX
W8AL15-2-X100S;24547327081881;ASAHI Zenyte EX
W8AL20-0-X100;24547327081775;ASAHI Zenyte EX
W8AL20-0-X100S;24547327081850;ASAHI Zenyte EX
W8AL20-2-X100;24547327081812;ASAHI Zenyte EX
W8AL20-2-X100S;24547327081898;ASAHI Zenyte EX
W8AN45-0-V055;24547327083182;ASAHI SheathLessPV Peri-Vascular Guiding System
W8AN45-0-V055J;24547327083199;ASAHI SheathLessPV Peri-Vascular Guiding System
W8AN45-0-V090;24547327083229;ASAHI SheathLessPV Peri-Vascular Guiding System
W8AN45-0-V120;24547327083243;ASAHI SheathLessPV Peri-Vascular Guiding System
W8AN45-2-V055;24547327083205;ASAHI SheathLessPV Peri-Vascular Guiding System
W8AN45-2-V055J;24547327083212;ASAHI SheathLessPV Peri-Vascular Guiding System
W8AN45-2-V090;24547327083236;ASAHI SheathLessPV Peri-Vascular Guiding System
W8AN45-2-V120;24547327083250;ASAHI SheathLessPV Peri-Vascular Guiding System
W8AR10-0-X100;24547327081904;ASAHI Zenyte EX
W8AR10-2-X100;24547327081928;ASAHI Zenyte EX
W8AR10-2-X100S;24547327081942;ASAHI Zenyte EX
W8AR20-0-X100;24547327081911;ASAHI Zenyte EX
W8AR20-2-X100;24547327081935;ASAHI Zenyte EX
W8AR20-2-X100S;24547327081959;ASAHI Zenyte EX
W8CL30-0-X100;24547327082246;ASAHI Zenyte EX
W8CL30-2-X100;24547327082291;ASAHI Zenyte EX
W8CL35-0-X100;24547327082253;ASAHI Zenyte EX
W8CL35-2-X100;24547327082307;ASAHI Zenyte EX
W8CL40-0-X100;24547327082260;ASAHI Zenyte EX
W8CL40-2-X100;24547327082314;ASAHI Zenyte EX
W8CL45-0-X100;24547327082277;ASAHI Zenyte EX
W8CL45-2-X100;24547327082321;ASAHI Zenyte EX
W8CL50-0-X100;24547327082284;ASAHI Zenyte EX
W8CL50-2-X100;24547327082338;ASAHI Zenyte EX
W8CP05-0-X100;24547327082383;ASAHI Zenyte EX
W8CP05-2-X100;24547327082420;ASAHI Zenyte EX
W8CP10-0-X100;24547327082390;ASAHI Zenyte EX
W8CP10-2-X100;24547327082437;ASAHI Zenyte EX
W8CP20-0-X100;24547327082406;ASAHI Zenyte EX
W8CP20-2-X100;24547327082444;ASAHI Zenyte EX
W8CP30-0-X100;24547327082413;ASAHI Zenyte EX
W8CP30-2-X100;24547327082451;ASAHI Zenyte EX
W8CR35-0-X100;24547327082345;ASAHI Zenyte EX
W8CR35-2-X100;24547327082369;ASAHI Zenyte EX
W8CR40-0-X100;24547327082352;ASAHI Zenyte EX
W8CR40-2-X100;24547327082376;ASAHI Zenyte EX
W8FL30-0-X100;24547327081348;ASAHI Zenyte EX
W8FL30-0-X100S;24547327081447;ASAHI Zenyte EX
W8FL30-2-X100;24547327081393;ASAHI Zenyte EX
W8FL30-2-X100S;24547327081492;ASAHI Zenyte EX
W8FL35-0-X100;24547327081355;ASAHI Zenyte EX
W8FL35-0-X100S;24547327081454;ASAHI Zenyte EX
W8FL35-2-X100;24547327081409;ASAHI Zenyte EX
W8FL35-2-X100S;24547327081508;ASAHI Zenyte EX
W8FL40-0-X100;24547327081362;ASAHI Zenyte EX
W8FL40-0-X100S;24547327081461;ASAHI Zenyte EX
W8FL40-2-X100;24547327081416;ASAHI Zenyte EX
W8FL40-2-X100S;24547327081515;ASAHI Zenyte EX
W8FL45-0-X100;24547327081379;ASAHI Zenyte EX
W8FL45-0-X100S;24547327081478;ASAHI Zenyte EX
W8FL45-2-X100;24547327081423;ASAHI Zenyte EX
W8FL45-2-X100S;24547327081522;ASAHI Zenyte EX
W8FL50-0-X100;24547327081386;ASAHI Zenyte EX
W8FL50-0-X100S;24547327081485;ASAHI Zenyte EX
W8FL50-2-X100;24547327081430;ASAHI Zenyte EX
W8FL50-2-X100S;24547327081539;ASAHI Zenyte EX
W8FR30-0-X100;24547327081546;ASAHI Zenyte EX
W8FR30-0-X100S;24547327081645;ASAHI Zenyte EX
W8FR30-2-X100;24547327081591;ASAHI Zenyte EX
W8FR30-2-X100S;24547327081690;ASAHI Zenyte EX
W8FR35-0-X100;24547327081553;ASAHI Zenyte EX
W8FR35-0-X100S;24547327081652;ASAHI Zenyte EX
W8FR35-2-X100;24547327081607;ASAHI Zenyte EX
W8FR35-2-X100S;24547327081706;ASAHI Zenyte EX
W8FR40-0-X100;24547327081560;ASAHI Zenyte EX
W8FR40-0-X100S;24547327081669;ASAHI Zenyte EX
W8FR40-2-X100;24547327081614;ASAHI Zenyte EX
W8FR40-2-X100S;24547327081713;ASAHI Zenyte EX
W8FR45-0-X100;24547327081577;ASAHI Zenyte EX
W8FR45-0-X100S;24547327081676;ASAHI Zenyte EX
W8FR45-2-X100;24547327081621;ASAHI Zenyte EX
W8FR45-2-X100S;24547327081720;ASAHI Zenyte EX
W8FR50-0-X100;24547327081584;ASAHI Zenyte EX
W8FR50-0-X100S;24547327081683;ASAHI Zenyte EX
W8FR50-2-X100;24547327081638;ASAHI Zenyte EX
W8FR50-2-X100S;24547327081737;ASAHI Zenyte EX
W8HS00-0-X100;24547327081966;ASAHI Zenyte EX
W8HS00-2-X100;24547327081973;ASAHI Zenyte EX
W8IM00-0-X100;24547327082062;ASAHI Zenyte EX
W8IM00-2-X100;24547327082079;ASAHI Zenyte EX
W8JL30-0-X100;24547327080945;ASAHI Zenyte EX
W8JL30-0-X100S;24547327081041;ASAHI Zenyte EX
W8JL30-2-X100;24547327080990;ASAHI Zenyte EX
W8JL30-2-X100S;24547327081096;ASAHI Zenyte EX
W8JL35-0-X100;24547327080952;ASAHI Zenyte EX
W8JL35-0-X100S;24547327081058;ASAHI Zenyte EX
W8JL35-2-X100;24547327081003;ASAHI Zenyte EX
W8JL35-2-X100S;24547327081102;ASAHI Zenyte EX
W8JL40-0-X100;24547327080969;ASAHI Zenyte EX
W8JL40-0-X100S;24547327081065;ASAHI Zenyte EX
W8JL40-2-X100;24547327081010;ASAHI Zenyte EX
W8JL40-2-X100S;24547327081119;ASAHI Zenyte EX
W8JL45-0-X100;24547327080976;ASAHI Zenyte EX
W8JL45-0-X100S;24547327081072;ASAHI Zenyte EX
W8JL45-2-X100;24547327081027;ASAHI Zenyte EX
W8JL45-2-X100S;24547327081126;ASAHI Zenyte EX
W8JL50-0-X100;24547327080983;ASAHI Zenyte EX
W8JL50-0-X100S;24547327081089;ASAHI Zenyte EX
W8JL50-2-X100;24547327081034;ASAHI Zenyte EX
W8JL50-2-X100S;24547327081133;ASAHI Zenyte EX
W8JR30-0-X100;24547327081140;ASAHI Zenyte EX
W8JR30-0-X100S;24547327081249;ASAHI Zenyte EX
W8JR30-2-X100;24547327081195;ASAHI Zenyte EX
W8JR30-2-X100S;24547327081294;ASAHI Zenyte EX
W8JR35-0-X100;24547327081157;ASAHI Zenyte EX
W8JR35-0-X100S;24547327081256;ASAHI Zenyte EX
W8JR35-2-X100;24547327081201;ASAHI Zenyte EX
W8JR35-2-X100S;24547327081300;ASAHI Zenyte EX
W8JR40-0-X100;24547327081164;ASAHI Zenyte EX
W8JR40-0-X100S;24547327081263;ASAHI Zenyte EX
W8JR40-2-X100;24547327081218;ASAHI Zenyte EX
W8JR40-2-X100S;24547327081317;ASAHI Zenyte EX
W8JR45-0-X100;24547327081171;ASAHI Zenyte EX
W8JR45-0-X100S;24547327081270;ASAHI Zenyte EX
W8JR45-2-X100;24547327081225;ASAHI Zenyte EX
W8JR45-2-X100S;24547327081324;ASAHI Zenyte EX
W8JR50-0-X100;24547327081188;ASAHI Zenyte EX
W8JR50-0-X100S;24547327081287;ASAHI Zenyte EX
W8JR50-2-X100;24547327081232;ASAHI Zenyte EX
W8JR50-2-X100S;24547327081331;ASAHI Zenyte EX
W8MP01-0-X100;24547327082222;ASAHI Zenyte EX
W8MP02-0-X100;24547327082239;ASAHI Zenyte EX
W8PB30-0-X100;24547327082086;ASAHI Zenyte EX
W8PB30-2-X100;24547327082116;ASAHI Zenyte EX
W8PB35-0-X100;24547327082093;ASAHI Zenyte EX
W8PB35-2-X100;24547327082123;ASAHI Zenyte EX
W8PB40-0-X100;24547327082109;ASAHI Zenyte EX
W8PB40-2-X100;24547327082130;ASAHI Zenyte EX
W8RD00-0-V055;24547327083267;ASAHI SheathLessPV Peri-Vascular Guiding System
W8RD00-0-V055J;24547327083274;ASAHI SheathLessPV Peri-Vascular Guiding System
W8RD00-2-V055;24547327083281;ASAHI SheathLessPV Peri-Vascular Guiding System
W8RD00-2-V055J;24547327083298;ASAHI SheathLessPV Peri-Vascular Guiding System
W8SA35-0-X100;24547327081980;ASAHI Zenyte EX
W8SA35-2-X100;24547327082000;ASAHI Zenyte EX
W8SA40-0-X100;24547327081997;ASAHI Zenyte EX
W8SA40-2-X100;24547327082017;ASAHI Zenyte EX
W8SC35-0-X100;24547327082024;ASAHI Zenyte EX
W8SC35-2-X100;24547327082048;ASAHI Zenyte EX
W8SC40-0-X100;24547327082031;ASAHI Zenyte EX
W8SC40-2-X100;24547327082055;ASAHI Zenyte EX
W8SP30-0-X100;24547327082147;ASAHI Zenyte EX
W8SP30-2-X100;24547327082185;ASAHI Zenyte EX
W8SP35-0-X100;24547327082154;ASAHI Zenyte EX
W8SP35-2-X100;24547327082192;ASAHI Zenyte EX
W8SP37-0-X100;24547327082161;ASAHI Zenyte EX
W8SP37-2-X100;24547327082208;ASAHI Zenyte EX
W8SP40-0-X100;24547327082178;ASAHI Zenyte EX
W8SP40-2-X100;24547327082215;ASAHI Zenyte EX
W8ST00-0-V055;24547327083106;ASAHI SheathLessPV Peri-Vascular Guiding System
W8ST00-0-V055J;24547327083113;ASAHI SheathLessPV Peri-Vascular Guiding System
W8ST00-0-V090;24547327083144;ASAHI SheathLessPV Peri-Vascular Guiding System
W8ST00-0-V120;24547327083168;ASAHI SheathLessPV Peri-Vascular Guiding System
W8ST00-2-V055;24547327083120;ASAHI SheathLessPV Peri-Vascular Guiding System
W8ST00-2-V055J;24547327083137;ASAHI SheathLessPV Peri-Vascular Guiding System
W8ST00-2-V090;24547327083151;ASAHI SheathLessPV Peri-Vascular Guiding System
W8ST00-2-V120;24547327083175;ASAHI SheathLessPV Peri-Vascular Guiding System
WAIN-CKI-008-200;24547327098117;ASAHI Neurovascular Guide Wire ASAHI CHIKAI 008
WAIN-CKI-10-200;24547327085308;ASAHI Neurovascular Guide Wire ASAHI CHIKAI 10 200cm
WAIN-CKI-10-300;24547327085315;ASAHI Neurovascular Guide Wire ASAHI CHIKAI 10 300cm
WAIN-CKI-18-200-BS;24547327098216;ASAHI Neurovascular Guide Wire ASAHI CHIKAI black 18
WAIN-CKI-200;24547327085285;ASAHI Neurovascular Guide Wire ASAHI CHIKAI 200cm
WAIN-CKI-200-BA;24547327098278;ASAHI Neurovascular Guide Wire ASAHI CHIKAI black
WAIN-CKI-200-BS;24547327098285;ASAHI Neurovascular Guide Wire ASAHI CHIKAI black
WAIN-CKI-200-RC;24547327108465;ASAHI Neurovascular Guide Wire ASAHI CHIKAI Round curve
WAIN-CKI-300;24547327085292;ASAHI Neurovascular Guide Wire ASAHI CHIKAI 300cm
WAIN-CKI-300-BA;24547327098292;ASAHI Neurovascular Guide Wire ASAHI CHIKAI black
WAIN-CKI-300-BS;24547327098308;ASAHI Neurovascular Guide Wire ASAHI CHIKAI black
WAIN-CKI-300-RC;24547327108472;ASAHI Neurovascular Guide Wire ASAHI CHIKAI Round curve
WAIN-FBK-4-120;24547327098315;ASAHI FUBUKI 043, Distal Support System ASAHI /120cm/Straight
WAIN-FBK-4-125;24547327098322;ASAHI FUBUKI 043, Distal Support System ASAHI /125cm/Straight
WAIN-FBK-4-130;24547327098339;ASAHI FUBUKI 043, Distal Support System ASAHI /130cm/Straight
WAIN-FBK-4AD;24547327098988;ASAHI FUBUKI 4Fr, Neurovascular Guide Catheter Dilator Kit/90cm/Angle
WAIN-FBK-4AD110;24547327099008;ASAHI FUBUKI 4Fr, Neurovascular Guide Catheter Dilator Kit/110cm/Angle
WAIN-FBK-4AD110H;24547327099169;ASAHI FUBUKI 4Fr Stiff type, Neurovascular Guide Catheter Dilator Kit/110cm/Angle
WAIN-FBK-4AD80;24547327098971;ASAHI FUBUKI 4Fr, Neurovascular Guide Catheter Dilator Kit /80cm/Angle
WAIN-FBK-4AD80H;24547327099138;ASAHI FUBUKI 4Fr Stiff type, Neurovascular Guide Catheter Dilator Kit/80cm/Angle
WAIN-FBK-4ADH;24547327099145;ASAHI FUBUKI 4Fr Stiff type, Neurovascular Guide Catheter Dilator Kit/90cm/Angle
WAIN-FBK-4ADL;24547327098995;ASAHI FUBUKI 4Fr, Neurovascular Guide Catheter Dilator Kit/100cm/Angle
WAIN-FBK-4ADLH;24547327099152;ASAHI FUBUKI 4Fr Stiff type, Neurovascular Guide Catheter Dilator Kit/100cm/Angle
WAIN-FBK-4SD;24547327098940;ASAHI FUBUKI 4Fr, Neurovascular Guide Catheter Dilator Kit/90cm/Straight
WAIN-FBK-4SD110;24547327098964;ASAHI FUBUKI 4Fr, Neurovascular Guide Catheter Dilator Kit/110cm/Straight
WAIN-FBK-4SD80;24547327098933;ASAHI FUBUKI 4Fr, Neurovascular Guide Catheter Dilator Kit/80cm/Straight
WAIN-FBK-4SDL;24547327098957;ASAHI FUBUKI 4Fr, Neurovascular Guide Catheter Dilator Kit/100cm/Straight
WAIN-FBK-5AD;24547327099060;ASAHI FUBUKI 5Fr, Neurovascular Guide Catheter Dilator Kit/90cm/Angle
WAIN-FBK-5AD110;24547327099084;ASAHI FUBUKI 5Fr, Neurovascular Guide Catheter Dilator Kit/110cm/Angle
WAIN-FBK-5AD110H;24547327099206;ASAHI FUBUKI 5Fr Stiff type, Neurovascular Guide Catheter Dilator Kit/110cm/Angle
WAIN-FBK-5AD80;24547327099053;ASAHI FUBUKI 5Fr, Neurovascular Guide Catheter Dilator Kit/80cm/Angle
WAIN-FBK-5AD80H;24547327099176;ASAHI FUBUKI 5Fr Stiff type, Neurovascular Guide Catheter Dilator Kit/80cm/Angle
WAIN-FBK-5ADH;24547327099183;ASAHI FUBUKI 5Fr Stiff type, Neurovascular Guide Catheter Dilator Kit/90cm/Angle
WAIN-FBK-5ADL;24547327099077;ASAHI FUBUKI 5Fr, Neurovascular Guide Catheter Dilator Kit/100cm/Angle
WAIN-FBK-5ADLH;24547327099190;ASAHI FUBUKI 5Fr Stiff type, Neurovascular Guide Catheter Dilator Kit/100cm/Angle
WAIN-FBK-5SD;24547327099022;ASAHI FUBUKI 5Fr, Neurovascular Guide Catheter Dilator Kit/90cm/Straight
WAIN-FBK-5SD110;24547327099046;ASAHI FUBUKI 5Fr, Neurovascular Guide Catheter Dilator Kit/110cm/Straight
WAIN-FBK-5SD80;24547327099015;ASAHI FUBUKI 5Fr, Neurovascular Guide Catheter Dilator Kit/80cm/Straight
WAIN-FBK-5SDL;24547327099039;ASAHI FUBUKI 5Fr, Neurovascular Guide Catheter Dilator Kit/100cm/Straight
WAIN-FBK-6A;24547327098421;ASAHI FUBUKI 6Fr, Neurovascular Guide Catheter/90cm/Angle
WAIN-FBK-6A110;24547327098445;ASAHI FUBUKI 6Fr, Neurovascular Guide Catheter/110cm/Angle
WAIN-FBK-6A110H;24547327098605;ASAHI FUBUKI 6Fr Stiff type, Neurovascular Guide Catheter/110cm/Angle
WAIN-FBK-6A80;24547327098414;ASAHI FUBUKI 6Fr, Neurovascular Guide Catheter/80cm/Angle
WAIN-FBK-6A80H;24547327098575;ASAHI FUBUKI 6Fr Stiff type, Neurovascular Guide Catheter/80cm/Angle
WAIN-FBK-6AH;24547327098582;ASAHI FUBUKI 6Fr Stiff type, Neurovascular Guide Catheter/90cm/Angle
WAIN-FBK-6AL;24547327098438;ASAHI FUBUKI 6Fr, Neurovascular Guide Catheter/100cm/Angle
WAIN-FBK-6ALH;24547327098599;ASAHI FUBUKI 6Fr Stiff type, Neurovascular Guide Catheter/100cm/Angle
WAIN-FBK-6S;24547327098384;ASAHI FUBUKI 6Fr, Neurovascular Guide Catheter/90cm/Straight
WAIN-FBK-6S110;24547327098407;ASAHI FUBUKI 6Fr, Neurovascular Guide Catheter/110cm/Straight
WAIN-FBK-6S80;24547327098377;ASAHI FUBUKI 6Fr, Neurovascular Guide Catheter/80cm/Straight
WAIN-FBK-6SD;24547327099107;ASAHI FUBUKI 6Fr, Neurovascular Guide Catheter Dilator Kit/90cm/Straight
WAIN-FBK-6SD110;24547327099121;ASAHI FUBUKI 6Fr, Neurovascular Guide Catheter Dilator Kit/110cm/Straight
WAIN-FBK-6SD80;24547327099091;ASAHI FUBUKI 6Fr, Neurovascular Guide Catheter Dilator Kit/80cm/Straight
WAIN-FBK-6SDL;24547327099114;ASAHI FUBUKI 6Fr, Neurovascular Guide Catheter Dilator Kit/100cm/Straight
WAIN-FBK-6SL;24547327098391;ASAHI FUBUKI 6Fr, Neurovascular Guide Catheter/100cm/Straight
WAIN-FBK-7A;24547327098506;ASAHI FUBUKI 7Fr, Neurovascular Guide Catheter/90cm/Angle
WAIN-FBK-7A110;24547327098520;ASAHI FUBUKI 7Fr, Neurovascular Guide Catheter/110cm/Angle
WAIN-FBK-7A110H;24547327098643;ASAHI FUBUKI 7Fr Stiff type, Neurovascular Guide Catheter/110cm/Angle
WAIN-FBK-7A80;24547327098490;ASAHI FUBUKI 7Fr, Neurovascular Guide Catheter/80cm/Angle
WAIN-FBK-7A80H;24547327098612;ASAHI FUBUKI 7Fr Stiff type, Neurovascular Guide Catheter/80cm/Angle
WAIN-FBK-7AH;24547327098629;ASAHI FUBUKI 7Fr Stiff type, Neurovascular Guide Catheter/90cm/Angle
WAIN-FBK-7AL;24547327098513;ASAHI FUBUKI 7Fr, Neurovascular Guide Catheter/100cm/Angle
WAIN-FBK-7ALH;24547327098636;ASAHI FUBUKI 7Fr Stiff type, Neurovascular Guide Catheter/100cm/Angle
WAIN-FBK-7S;24547327098469;ASAHI FUBUKI 7Fr, Neurovascular Guide Catheter/90cm/Straight
WAIN-FBK-7S110;24547327098483;ASAHI FUBUKI 7Fr, Neurovascular Guide Catheter/110cm/Straight
WAIN-FBK-7S80;24547327098452;ASAHI FUBUKI 7Fr, Neurovascular Guide Catheter/80cm/Straight
WAIN-FBK-7SL;24547327098476;ASAHI FUBUKI 7Fr, Neurovascular Guide Catheter/100cm/Straight
WAIN-FBK-8S;24547327098544;ASAHI FUBUKI 8Fr, Neurovascular Guide Catheter/90cm/Straight
WAIN-FBK-8S110;24547327098568;ASAHI FUBUKI 8Fr, Neurovascular Guide Catheter/110cm/Straight
WAIN-FBK-8S80;24547327098537;ASAHI FUBUKI 8Fr, Neurovascular Guide Catheter/80cm/Straight
WAIN-FBK-8SL;24547327098551;ASAHI FUBUKI 8Fr, Neurovascular Guide Catheter/100cm/Straight
WAMS-135-1645;24547327108236;ASAHI Peripheral Vascular Guide Wire ASAHI Meister 16
WAMS-135-16ST;24547327108243;ASAHI Peripheral Vascular Guide Wire ASAHI Meister 16
WAMS-135-16WA;24547327108250;ASAHI Peripheral Vascular Guide Wire ASAHI Meister 16
WAMS-165-1645;24547327094645;ASAHI Peripheral Vascular Guide Wire ASAHI Meister 16
WAMS-165-16ST;24547327094683;ASAHI Peripheral Vascular Guide Wire ASAHI Meister 16
WAMS-165-16WA;24547327094669;ASAHI Peripheral Vascular Guide Wire ASAHI Meister 16
WAMS-180-1645;24547327094652;ASAHI Peripheral Vascular Guide Wire ASAHI Meister 16
WAMS-180-16ST;24547327094690;ASAHI Peripheral Vascular Guide Wire ASAHI Meister 16
WAMS-180-16WA;24547327094676;ASAHI Peripheral Vascular Guide Wire ASAHI Meister 16
WCKV165-14;24547327086510;ASAHI Peripheral Vascular Guide Wire ASAHI CHIKAI V 165cm
WCKV180-14;24547327086527;ASAHI Peripheral Vascular Guide Wire ASAHI CHIKAI V 180cm
WMST105-18PWSF;24547327086343;ASAHI Masters Parkway SOFT Microcatheter
WMST105-27HF;24547327086596;ASAHI Masters Parkway HF Microcatheter 
WMST105-27HFK;24547327086558;ASAHI Masters Parkway HF Microcatheter KIT
WMST105-27HFKM;24547327086572;ASAHI Masters Parkway HF Microcatheter KIT
WMST125-18PWSF;24547327086350;ASAHI Masters Parkway SOFT Microcatheter
WMST125-27HF;24547327086602;ASAHI Masters Parkway HF Microcatheter 
WMST125-27HFK;24547327086565;ASAHI Masters Parkway HF Microcatheter KIT
WMST125-27HFKM;24547327086589;ASAHI Masters Parkway HF Microcatheter KIT
WMST150-18PWSF;24547327086367;ASAHI Masters Parkway SOFT Microcatheter
WMST150-27HF;24547327086619;ASAHI Masters Parkway HF Microcatheter 
WMST45A-18PWSF;24547327086374;ASAHI Masters Parkway SOFT Microcatheter
WMST45A-18PWSSF;24547327086381;ASAHI Masters Parkway SOFT Microcatheter
YOK0A;4543660017764;ASAHI OKAY II
CSR135-26P;24547327111816;ASAHI Corsair Pro Microcatheter
CSR150-26P;24547327111823;ASAHI Corsair Pro Microcatheter
AHW14R013S;14547327116784;ASAHI PTCA Guide Wire ASAHI SUOH 03 190cm
AHW14R013P;14547327116791;ASAHI PTCA Guide Wire ASAHI SUOH 03 190cm Pre-shape 
AHW14R313S;14547327116807;ASAHI PTCA Guide Wire ASAHI SUOH 03 300cm
AHW14R313P;14547327116814;ASAHI PTCA Guide Wire ASAHI SUOH 03 300cm Pre-shape
